STRUCTURE,STRUCTURE_ID,STRUCTURE_NAME,freq,Time frequency,age,Age class,sex,Sex,unit,Unit of measure,geo,Geopolitical entity (reporting),TIME_PERIOD,Time,OBS_VALUE,Observation value,OBS_FLAG,Observation status (Flag) V2 structure,CONF_STATUS,Confidentiality status (flag)
dataflow,ESTAT:CRIM_PRIS_AGE(1.0),Prisoners by age and sex,A,Annual,TOTAL,Total,F,Females,NR,Number,AT,Austria,2014,,507,,,,,
dataflow,ESTAT:CRIM_PRIS_AGE(1.0),Prisoners by age and sex,A,Annual,TOTAL,Total,F,Females,NR,Number,AT,Austria,2015,,498,,,,,
dataflow,ESTAT:CRIM_PRIS_AGE(1.0),Prisoners by age and sex,A,Annual,TOTAL,Total,F,Females,NR,Number,AT,Austria,2016,,492,,,,,
dataflow,ESTAT:CRIM_PRIS_AGE(1.0),Prisoners by age and sex,A,Annual,TOTAL,Total,F,Females,NR,Number,AT,Austria,2017,,518,,,,,
dataflow,ESTAT:CRIM_PRIS_AGE(1.0),Prisoners by age and sex,A,Annual,TOTAL,Total,F,Females,NR,Number,AT,Austria,2018,,563,,,,,
dataflow,ESTAT:CRIM_PRIS_AGE(1.0),Prisoners by age and sex,A,Annual,TOTAL,Total,F,Females,NR,Number,AT,Austria,2019,,606,,,,,
dataflow,ESTAT:CRIM_PRIS_AGE(1.0),Prisoners by age and sex,A,Annual,TOTAL,Total,F,Females,NR,Number,AT,Austria,2020,,554,,,,,
dataflow,ESTAT:CRIM_PRIS_AGE(1.0),Prisoners by age and sex,A,Annual,TOTAL,Total,F,Females,NR,Number,AT,Austria,2021,,527,,,,,
dataflow,ESTAT:CRIM_PRIS_AGE(1.0),Prisoners by age and sex,A,Annual,TOTAL,Total,F,Females,NR,Number,AT,Austria,2022,,599,,,,,
dataflow,ESTAT:CRIM_PRIS_AGE(1.0),Prisoners by age and sex,A,Annual,TOTAL,Total,F,Females,NR,Number,AT,Austria,2023,,614,,,,,
dataflow,ESTAT:CRIM_PRIS_AGE(1.0),Prisoners by age and sex,A,Annual,TOTAL,Total,F,Females,NR,Number,BE,Belgium,2015,,529,,,,,
dataflow,ESTAT:CRIM_PRIS_AGE(1.0),Prisoners by age and sex,A,Annual,TOTAL,Total,F,Females,NR,Number,BE,Belgium,2017,,440,,,,,
dataflow,ESTAT:CRIM_PRIS_AGE(1.0),Prisoners by age and sex,A,Annual,TOTAL,Total,F,Females,NR,Number,BE,Belgium,2018,,461,,,,,
dataflow,ESTAT:CRIM_PRIS_AGE(1.0),Prisoners by age and sex,A,Annual,TOTAL,Total,F,Females,NR,Number,BE,Belgium,2019,,479,,,,,
dataflow,ESTAT:CRIM_PRIS_AGE(1.0),Prisoners by age and sex,A,Annual,TOTAL,Total,F,Females,NR,Number,BE,Belgium,2020,,490,,,,,
dataflow,ESTAT:CRIM_PRIS_AGE(1.0),Prisoners by age and sex,A,Annual,TOTAL,Total,F,Females,NR,Number,BE,Belgium,2021,,507,,,,,
dataflow,ESTAT:CRIM_PRIS_AGE(1.0),Prisoners by age and sex,A,Annual,TOTAL,Total,F,Females,NR,Number,BE,Belgium,2022,,503,,,,,
dataflow,ESTAT:CRIM_PRIS_AGE(1.0),Prisoners by age and sex,A,Annual,TOTAL,Total,F,Females,NR,Number,BE,Belgium,2023,,510,,,,,
dataflow,ESTAT:CRIM_PRIS_AGE(1.0),Prisoners by age and sex,A,Annual,TOTAL,Total,F,Females,NR,Number,BG,Bulgaria,2014,,259,,,,,
dataflow,ESTAT:CRIM_PRIS_AGE(1.0),Prisoners by age and sex,A,Annual,TOTAL,Total,F,Females,NR,Number,BG,Bulgaria,2015,,246,,,,,
dataflow,ESTAT:CRIM_PRIS_AGE(1.0),Prisoners by age and sex,A,Annual,TOTAL,Total,F,Females,NR,Number,BG,Bulgaria,2016,,228,,,,,
dataflow,ESTAT:CRIM_PRIS_AGE(1.0),Prisoners by age and sex,A,Annual,TOTAL,Total,F,Females,NR,Number,BG,Bulgaria,2017,,219,,,,,
dataflow,ESTAT:CRIM_PRIS_AGE(1.0),Prisoners by age and sex,A,Annual,TOTAL,Total,F,Females,NR,Number,BG,Bulgaria,2018,,215,,,,,
dataflow,ESTAT:CRIM_PRIS_AGE(1.0),Prisoners by age and sex,A,Annual,TOTAL,Total,F,Females,NR,Number,BG,Bulgaria,2019,,216,,,,,
dataflow,ESTAT:CRIM_PRIS_AGE(1.0),Prisoners by age and sex,A,Annual,TOTAL,Total,F,Females,NR,Number,BG,Bulgaria,2020,,192,,,,,
dataflow,ESTAT:CRIM_PRIS_AGE(1.0),Prisoners by age and sex,A,Annual,TOTAL,Total,F,Females,NR,Number,BG,Bulgaria,2021,,210,,,,,
dataflow,ESTAT:CRIM_PRIS_AGE(1.0),Prisoners by age and sex,A,Annual,TOTAL,Total,F,Females,NR,Number,BG,Bulgaria,2022,,208,,,,,
dataflow,ESTAT:CRIM_PRIS_AGE(1.0),Prisoners by age and sex,A,Annual,TOTAL,Total,F,Females,NR,Number,BG,Bulgaria,2023,,228,,,,,
dataflow,ESTAT:CRIM_PRIS_AGE(1.0),Prisoners by age and sex,A,Annual,TOTAL,Total,F,Females,NR,Number,CY,Cyprus,2014,,30,,,,,
dataflow,ESTAT:CRIM_PRIS_AGE(1.0),Prisoners by age and sex,A,Annual,TOTAL,Total,F,Females,NR,Number,CY,Cyprus,2015,,32,,,,,
dataflow,ESTAT:CRIM_PRIS_AGE(1.0),Prisoners by age and sex,A,Annual,TOTAL,Total,F,Females,NR,Number,CY,Cyprus,2016,,41,,,,,
dataflow,ESTAT:CRIM_PRIS_AGE(1.0),Prisoners by age and sex,A,Annual,TOTAL,Total,F,Females,NR,Number,CY,Cyprus,2017,,34,,,,,
dataflow,ESTAT:CRIM_PRIS_AGE(1.0),Prisoners by age and sex,A,Annual,TOTAL,Total,F,Females,NR,Number,CY,Cyprus,2018,,36,,,,,
dataflow,ESTAT:CRIM_PRIS_AGE(1.0),Prisoners by age and sex,A,Annual,TOTAL,Total,F,Females,NR,Number,CY,Cyprus,2019,,34,,,,,
dataflow,ESTAT:CRIM_PRIS_AGE(1.0),Prisoners by age and sex,A,Annual,TOTAL,Total,F,Females,NR,Number,CY,Cyprus,2020,,30,,,,,
dataflow,ESTAT:CRIM_PRIS_AGE(1.0),Prisoners by age and sex,A,Annual,TOTAL,Total,F,Females,NR,Number,CY,Cyprus,2021,,77,,,,,
dataflow,ESTAT:CRIM_PRIS_AGE(1.0),Prisoners by age and sex,A,Annual,TOTAL,Total,F,Females,NR,Number,CY,Cyprus,2022,,61,,,,,
dataflow,ESTAT:CRIM_PRIS_AGE(1.0),Prisoners by age and sex,A,Annual,TOTAL,Total,F,Females,NR,Number,CY,Cyprus,2023,,58,,,,,
dataflow,ESTAT:CRIM_PRIS_AGE(1.0),Prisoners by age and sex,A,Annual,TOTAL,Total,F,Females,NR,Number,CZ,Czechia,2014,,1170,,,,,
dataflow,ESTAT:CRIM_PRIS_AGE(1.0),Prisoners by age and sex,A,Annual,TOTAL,Total,F,Females,NR,Number,CZ,Czechia,2015,,1433,,,,,
dataflow,ESTAT:CRIM_PRIS_AGE(1.0),Prisoners by age and sex,A,Annual,TOTAL,Total,F,Females,NR,Number,CZ,Czechia,2016,,1643,,,,,
dataflow,ESTAT:CRIM_PRIS_AGE(1.0),Prisoners by age and sex,A,Annual,TOTAL,Total,F,Females,NR,Number,CZ,Czechia,2017,,1638,,,,,
dataflow,ESTAT:CRIM_PRIS_AGE(1.0),Prisoners by age and sex,A,Annual,TOTAL,Total,F,Females,NR,Number,CZ,Czechia,2018,,1644,,,,,
dataflow,ESTAT:CRIM_PRIS_AGE(1.0),Prisoners by age and sex,A,Annual,TOTAL,Total,F,Females,NR,Number,CZ,Czechia,2019,,1740,,,,,
dataflow,ESTAT:CRIM_PRIS_AGE(1.0),Prisoners by age and sex,A,Annual,TOTAL,Total,F,Females,NR,Number,CZ,Czechia,2020,,1564,,,,,
dataflow,ESTAT:CRIM_PRIS_AGE(1.0),Prisoners by age and sex,A,Annual,TOTAL,Total,F,Females,NR,Number,CZ,Czechia,2021,,1519,,,,,
dataflow,ESTAT:CRIM_PRIS_AGE(1.0),Prisoners by age and sex,A,Annual,TOTAL,Total,F,Females,NR,Number,CZ,Czechia,2022,,1613,,,,,
dataflow,ESTAT:CRIM_PRIS_AGE(1.0),Prisoners by age and sex,A,Annual,TOTAL,Total,F,Females,NR,Number,CZ,Czechia,2023,,1715,,,,,
dataflow,ESTAT:CRIM_PRIS_AGE(1.0),Prisoners by age and sex,A,Annual,TOTAL,Total,F,Females,NR,Number,DE,Germany,2014,,3639,,,,,
dataflow,ESTAT:CRIM_PRIS_AGE(1.0),Prisoners by age and sex,A,Annual,TOTAL,Total,F,Females,NR,Number,DE,Germany,2015,,3609,,,,,
dataflow,ESTAT:CRIM_PRIS_AGE(1.0),Prisoners by age and sex,A,Annual,TOTAL,Total,F,Females,NR,Number,DK,Denmark,2014,,145,,,,,
dataflow,ESTAT:CRIM_PRIS_AGE(1.0),Prisoners by age and sex,A,Annual,TOTAL,Total,F,Females,NR,Number,DK,Denmark,2015,,118,,,,,
dataflow,ESTAT:CRIM_PRIS_AGE(1.0),Prisoners by age and sex,A,Annual,TOTAL,Total,F,Females,NR,Number,DK,Denmark,2016,,150,,,,,
dataflow,ESTAT:CRIM_PRIS_AGE(1.0),Prisoners by age and sex,A,Annual,TOTAL,Total,F,Females,NR,Number,DK,Denmark,2017,,136,,,,,
dataflow,ESTAT:CRIM_PRIS_AGE(1.0),Prisoners by age and sex,A,Annual,TOTAL,Total,F,Females,NR,Number,DK,Denmark,2018,,132,,,,,
dataflow,ESTAT:CRIM_PRIS_AGE(1.0),Prisoners by age and sex,A,Annual,TOTAL,Total,F,Females,NR,Number,DK,Denmark,2019,,182,,,,,
dataflow,ESTAT:CRIM_PRIS_AGE(1.0),Prisoners by age and sex,A,Annual,TOTAL,Total,F,Females,NR,Number,DK,Denmark,2020,,189,,,,,
dataflow,ESTAT:CRIM_PRIS_AGE(1.0),Prisoners by age and sex,A,Annual,TOTAL,Total,F,Females,NR,Number,DK,Denmark,2021,,186,,,,,
dataflow,ESTAT:CRIM_PRIS_AGE(1.0),Prisoners by age and sex,A,Annual,TOTAL,Total,F,Females,NR,Number,DK,Denmark,2022,,203,,,,,
dataflow,ESTAT:CRIM_PRIS_AGE(1.0),Prisoners by age and sex,A,Annual,TOTAL,Total,F,Females,NR,Number,DK,Denmark,2023,,211,,,,,
dataflow,ESTAT:CRIM_PRIS_AGE(1.0),Prisoners by age and sex,A,Annual,TOTAL,Total,F,Females,NR,Number,EE,Estonia,2015,,155,,,,,
dataflow,ESTAT:CRIM_PRIS_AGE(1.0),Prisoners by age and sex,A,Annual,TOTAL,Total,F,Females,NR,Number,EE,Estonia,2016,,178,,,,,
dataflow,ESTAT:CRIM_PRIS_AGE(1.0),Prisoners by age and sex,A,Annual,TOTAL,Total,F,Females,NR,Number,EE,Estonia,2017,,141,,,,,
dataflow,ESTAT:CRIM_PRIS_AGE(1.0),Prisoners by age and sex,A,Annual,TOTAL,Total,F,Females,NR,Number,EE,Estonia,2018,,123,,,,,
dataflow,ESTAT:CRIM_PRIS_AGE(1.0),Prisoners by age and sex,A,Annual,TOTAL,Total,F,Females,NR,Number,EE,Estonia,2019,,112,,,,,
dataflow,ESTAT:CRIM_PRIS_AGE(1.0),Prisoners by age and sex,A,Annual,TOTAL,Total,F,Females,NR,Number,EE,Estonia,2020,,97,,,,,
dataflow,ESTAT:CRIM_PRIS_AGE(1.0),Prisoners by age and sex,A,Annual,TOTAL,Total,F,Females,NR,Number,EE,Estonia,2021,,101,,,,,
dataflow,ESTAT:CRIM_PRIS_AGE(1.0),Prisoners by age and sex,A,Annual,TOTAL,Total,F,Females,NR,Number,EE,Estonia,2022,,102,,,,,
dataflow,ESTAT:CRIM_PRIS_AGE(1.0),Prisoners by age and sex,A,Annual,TOTAL,Total,F,Females,NR,Number,EE,Estonia,2023,,88,,,,,
dataflow,ESTAT:CRIM_PRIS_AGE(1.0),Prisoners by age and sex,A,Annual,TOTAL,Total,F,Females,NR,Number,EL,Greece,2014,,572,,,,,
dataflow,ESTAT:CRIM_PRIS_AGE(1.0),Prisoners by age and sex,A,Annual,TOTAL,Total,F,Females,NR,Number,EL,Greece,2015,,486,,,,,
dataflow,ESTAT:CRIM_PRIS_AGE(1.0),Prisoners by age and sex,A,Annual,TOTAL,Total,F,Females,NR,Number,EL,Greece,2016,,515,,,,,
dataflow,ESTAT:CRIM_PRIS_AGE(1.0),Prisoners by age and sex,A,Annual,TOTAL,Total,F,Females,NR,Number,EL,Greece,2017,,551,,,,,
dataflow,ESTAT:CRIM_PRIS_AGE(1.0),Prisoners by age and sex,A,Annual,TOTAL,Total,F,Females,NR,Number,EL,Greece,2018,,553,,,,,
dataflow,ESTAT:CRIM_PRIS_AGE(1.0),Prisoners by age and sex,A,Annual,TOTAL,Total,F,Females,NR,Number,EL,Greece,2019,,490,,,,,
dataflow,ESTAT:CRIM_PRIS_AGE(1.0),Prisoners by age and sex,A,Annual,TOTAL,Total,F,Females,NR,Number,EL,Greece,2020,,527,,,,,
dataflow,ESTAT:CRIM_PRIS_AGE(1.0),Prisoners by age and sex,A,Annual,TOTAL,Total,F,Females,NR,Number,EL,Greece,2021,,537,,,,,
dataflow,ESTAT:CRIM_PRIS_AGE(1.0),Prisoners by age and sex,A,Annual,TOTAL,Total,F,Females,NR,Number,EL,Greece,2022,,533,,,,,
dataflow,ESTAT:CRIM_PRIS_AGE(1.0),Prisoners by age and sex,A,Annual,TOTAL,Total,F,Females,NR,Number,EL,Greece,2023,,497,,,,,
dataflow,ESTAT:CRIM_PRIS_AGE(1.0),Prisoners by age and sex,A,Annual,TOTAL,Total,F,Females,NR,Number,ES,Spain,2014,,4911,,,,,
dataflow,ESTAT:CRIM_PRIS_AGE(1.0),Prisoners by age and sex,A,Annual,TOTAL,Total,F,Females,NR,Number,ES,Spain,2015,,4658,,,,,
dataflow,ESTAT:CRIM_PRIS_AGE(1.0),Prisoners by age and sex,A,Annual,TOTAL,Total,F,Females,NR,Number,ES,Spain,2016,,4390,,,,,
dataflow,ESTAT:CRIM_PRIS_AGE(1.0),Prisoners by age and sex,A,Annual,TOTAL,Total,F,Females,NR,Number,ES,Spain,2017,,4362,,,,,
dataflow,ESTAT:CRIM_PRIS_AGE(1.0),Prisoners by age and sex,A,Annual,TOTAL,Total,F,Females,NR,Number,ES,Spain,2018,,4434,,,,,
dataflow,ESTAT:CRIM_PRIS_AGE(1.0),Prisoners by age and sex,A,Annual,TOTAL,Total,F,Females,NR,Number,ES,Spain,2019,,4373,,,,,
dataflow,ESTAT:CRIM_PRIS_AGE(1.0),Prisoners by age and sex,A,Annual,TOTAL,Total,F,Females,NR,Number,ES,Spain,2020,,4015,,,,,
dataflow,ESTAT:CRIM_PRIS_AGE(1.0),Prisoners by age and sex,A,Annual,TOTAL,Total,F,Females,NR,Number,ES,Spain,2021,,3925,,,,,
dataflow,ESTAT:CRIM_PRIS_AGE(1.0),Prisoners by age and sex,A,Annual,TOTAL,Total,F,Females,NR,Number,ES,Spain,2022,,3971,,,,,
dataflow,ESTAT:CRIM_PRIS_AGE(1.0),Prisoners by age and sex,A,Annual,TOTAL,Total,F,Females,NR,Number,ES,Spain,2023,,4000,,,,,
dataflow,ESTAT:CRIM_PRIS_AGE(1.0),Prisoners by age and sex,A,Annual,TOTAL,Total,F,Females,NR,Number,FI,Finland,2014,,240,,,,,
dataflow,ESTAT:CRIM_PRIS_AGE(1.0),Prisoners by age and sex,A,Annual,TOTAL,Total,F,Females,NR,Number,FI,Finland,2015,,237,,,,,
dataflow,ESTAT:CRIM_PRIS_AGE(1.0),Prisoners by age and sex,A,Annual,TOTAL,Total,F,Females,NR,Number,FI,Finland,2016,,226,,,,,
dataflow,ESTAT:CRIM_PRIS_AGE(1.0),Prisoners by age and sex,A,Annual,TOTAL,Total,F,Females,NR,Number,FI,Finland,2017,,234,,,,,
dataflow,ESTAT:CRIM_PRIS_AGE(1.0),Prisoners by age and sex,A,Annual,TOTAL,Total,F,Females,NR,Number,FI,Finland,2018,,227,,,,,
dataflow,ESTAT:CRIM_PRIS_AGE(1.0),Prisoners by age and sex,A,Annual,TOTAL,Total,F,Females,NR,Number,FI,Finland,2019,,224,,,,,
dataflow,ESTAT:CRIM_PRIS_AGE(1.0),Prisoners by age and sex,A,Annual,TOTAL,Total,F,Females,NR,Number,FI,Finland,2020,,231,,,,,
dataflow,ESTAT:CRIM_PRIS_AGE(1.0),Prisoners by age and sex,A,Annual,TOTAL,Total,F,Females,NR,Number,FI,Finland,2021,,211,,,,,
dataflow,ESTAT:CRIM_PRIS_AGE(1.0),Prisoners by age and sex,A,Annual,TOTAL,Total,F,Females,NR,Number,FI,Finland,2022,,208,,,,,
dataflow,ESTAT:CRIM_PRIS_AGE(1.0),Prisoners by age and sex,A,Annual,TOTAL,Total,F,Females,NR,Number,FI,Finland,2023,,225,,,,,
dataflow,ESTAT:CRIM_PRIS_AGE(1.0),Prisoners by age and sex,A,Annual,TOTAL,Total,F,Females,NR,Number,FR,France,2014,,2108,,,,,
dataflow,ESTAT:CRIM_PRIS_AGE(1.0),Prisoners by age and sex,A,Annual,TOTAL,Total,F,Females,NR,Number,FR,France,2015,,2147,,,,,
dataflow,ESTAT:CRIM_PRIS_AGE(1.0),Prisoners by age and sex,A,Annual,TOTAL,Total,F,Females,NR,Number,FR,France,2016,,2265,,,,,
dataflow,ESTAT:CRIM_PRIS_AGE(1.0),Prisoners by age and sex,A,Annual,TOTAL,Total,F,Females,NR,Number,FR,France,2017,,2393,,,,,
dataflow,ESTAT:CRIM_PRIS_AGE(1.0),Prisoners by age and sex,A,Annual,TOTAL,Total,F,Females,NR,Number,FR,France,2018,,2534,,,,,
dataflow,ESTAT:CRIM_PRIS_AGE(1.0),Prisoners by age and sex,A,Annual,TOTAL,Total,F,Females,NR,Number,FR,France,2019,,2511,,,,,
dataflow,ESTAT:CRIM_PRIS_AGE(1.0),Prisoners by age and sex,A,Annual,TOTAL,Total,F,Females,NR,Number,FR,France,2020,,2055,,,,,
dataflow,ESTAT:CRIM_PRIS_AGE(1.0),Prisoners by age and sex,A,Annual,TOTAL,Total,F,Females,NR,Number,FR,France,2021,,2219,,,,,
dataflow,ESTAT:CRIM_PRIS_AGE(1.0),Prisoners by age and sex,A,Annual,TOTAL,Total,F,Females,NR,Number,FR,France,2022,,2286,,,,,
dataflow,ESTAT:CRIM_PRIS_AGE(1.0),Prisoners by age and sex,A,Annual,TOTAL,Total,F,Females,NR,Number,FR,France,2023,,2537,,,,,
dataflow,ESTAT:CRIM_PRIS_AGE(1.0),Prisoners by age and sex,A,Annual,TOTAL,Total,F,Females,NR,Number,HR,Croatia,2014,,190,,,,,
dataflow,ESTAT:CRIM_PRIS_AGE(1.0),Prisoners by age and sex,A,Annual,TOTAL,Total,F,Females,NR,Number,HR,Croatia,2015,,164,,,,,
dataflow,ESTAT:CRIM_PRIS_AGE(1.0),Prisoners by age and sex,A,Annual,TOTAL,Total,F,Females,NR,Number,HR,Croatia,2016,,123,,,,,
dataflow,ESTAT:CRIM_PRIS_AGE(1.0),Prisoners by age and sex,A,Annual,TOTAL,Total,F,Females,NR,Number,HR,Croatia,2017,,147,,,,,
dataflow,ESTAT:CRIM_PRIS_AGE(1.0),Prisoners by age and sex,A,Annual,TOTAL,Total,F,Females,NR,Number,HR,Croatia,2018,,170,,,,,
dataflow,ESTAT:CRIM_PRIS_AGE(1.0),Prisoners by age and sex,A,Annual,TOTAL,Total,F,Females,NR,Number,HR,Croatia,2019,,194,,,,,
dataflow,ESTAT:CRIM_PRIS_AGE(1.0),Prisoners by age and sex,A,Annual,TOTAL,Total,F,Females,NR,Number,HR,Croatia,2020,,188,,,,,
dataflow,ESTAT:CRIM_PRIS_AGE(1.0),Prisoners by age and sex,A,Annual,TOTAL,Total,F,Females,NR,Number,HR,Croatia,2021,,207,,,,,
dataflow,ESTAT:CRIM_PRIS_AGE(1.0),Prisoners by age and sex,A,Annual,TOTAL,Total,F,Females,NR,Number,HR,Croatia,2022,,219,,,,,
dataflow,ESTAT:CRIM_PRIS_AGE(1.0),Prisoners by age and sex,A,Annual,TOTAL,Total,F,Females,NR,Number,HR,Croatia,2023,,226,,,,,
dataflow,ESTAT:CRIM_PRIS_AGE(1.0),Prisoners by age and sex,A,Annual,TOTAL,Total,F,Females,NR,Number,HU,Hungary,2014,,1349,,,,,
dataflow,ESTAT:CRIM_PRIS_AGE(1.0),Prisoners by age and sex,A,Annual,TOTAL,Total,F,Females,NR,Number,HU,Hungary,2015,,1250,,,,,
dataflow,ESTAT:CRIM_PRIS_AGE(1.0),Prisoners by age and sex,A,Annual,TOTAL,Total,F,Females,NR,Number,HU,Hungary,2016,,1280,,,,,
dataflow,ESTAT:CRIM_PRIS_AGE(1.0),Prisoners by age and sex,A,Annual,TOTAL,Total,F,Females,NR,Number,HU,Hungary,2017,,1276,,,,,
dataflow,ESTAT:CRIM_PRIS_AGE(1.0),Prisoners by age and sex,A,Annual,TOTAL,Total,F,Females,NR,Number,HU,Hungary,2018,,1207,,,,,
dataflow,ESTAT:CRIM_PRIS_AGE(1.0),Prisoners by age and sex,A,Annual,TOTAL,Total,F,Females,NR,Number,HU,Hungary,2019,,1255,,,,,
dataflow,ESTAT:CRIM_PRIS_AGE(1.0),Prisoners by age and sex,A,Annual,TOTAL,Total,F,Females,NR,Number,HU,Hungary,2020,,1290,,,,,
dataflow,ESTAT:CRIM_PRIS_AGE(1.0),Prisoners by age and sex,A,Annual,TOTAL,Total,F,Females,NR,Number,HU,Hungary,2021,,1430,,,,,
dataflow,ESTAT:CRIM_PRIS_AGE(1.0),Prisoners by age and sex,A,Annual,TOTAL,Total,F,Females,NR,Number,HU,Hungary,2022,,1417,,,,,
dataflow,ESTAT:CRIM_PRIS_AGE(1.0),Prisoners by age and sex,A,Annual,TOTAL,Total,F,Females,NR,Number,HU,Hungary,2023,,1467,,,,,
dataflow,ESTAT:CRIM_PRIS_AGE(1.0),Prisoners by age and sex,A,Annual,TOTAL,Total,F,Females,NR,Number,IE,Ireland,2014,,120,,,,,
dataflow,ESTAT:CRIM_PRIS_AGE(1.0),Prisoners by age and sex,A,Annual,TOTAL,Total,F,Females,NR,Number,IE,Ireland,2015,,116,,,,,
dataflow,ESTAT:CRIM_PRIS_AGE(1.0),Prisoners by age and sex,A,Annual,TOTAL,Total,F,Females,NR,Number,IE,Ireland,2016,,95,,,,,
dataflow,ESTAT:CRIM_PRIS_AGE(1.0),Prisoners by age and sex,A,Annual,TOTAL,Total,F,Females,NR,Number,IE,Ireland,2018,,173,,,,,
dataflow,ESTAT:CRIM_PRIS_AGE(1.0),Prisoners by age and sex,A,Annual,TOTAL,Total,F,Females,NR,Number,IE,Ireland,2019,,184,,,,,
dataflow,ESTAT:CRIM_PRIS_AGE(1.0),Prisoners by age and sex,A,Annual,TOTAL,Total,F,Females,NR,Number,IE,Ireland,2020,,154,,,,,
dataflow,ESTAT:CRIM_PRIS_AGE(1.0),Prisoners by age and sex,A,Annual,TOTAL,Total,F,Females,NR,Number,IE,Ireland,2021,,149,,,,,
dataflow,ESTAT:CRIM_PRIS_AGE(1.0),Prisoners by age and sex,A,Annual,TOTAL,Total,F,Females,NR,Number,IE,Ireland,2022,,208,,,,,
dataflow,ESTAT:CRIM_PRIS_AGE(1.0),Prisoners by age and sex,A,Annual,TOTAL,Total,F,Females,NR,Number,IE,Ireland,2023,,233,,,,,
dataflow,ESTAT:CRIM_PRIS_AGE(1.0),Prisoners by age and sex,A,Annual,TOTAL,Total,F,Females,NR,Number,IT,Italy,2014,,2374,,,,,
dataflow,ESTAT:CRIM_PRIS_AGE(1.0),Prisoners by age and sex,A,Annual,TOTAL,Total,F,Females,NR,Number,IT,Italy,2015,,2207,,,,,
dataflow,ESTAT:CRIM_PRIS_AGE(1.0),Prisoners by age and sex,A,Annual,TOTAL,Total,F,Females,NR,Number,IT,Italy,2016,,2379,,,,,
dataflow,ESTAT:CRIM_PRIS_AGE(1.0),Prisoners by age and sex,A,Annual,TOTAL,Total,F,Females,NR,Number,IT,Italy,2017,,2516,,,,,
dataflow,ESTAT:CRIM_PRIS_AGE(1.0),Prisoners by age and sex,A,Annual,TOTAL,Total,F,Females,NR,Number,IT,Italy,2018,,2699,,,,,
dataflow,ESTAT:CRIM_PRIS_AGE(1.0),Prisoners by age and sex,A,Annual,TOTAL,Total,F,Females,NR,Number,IT,Italy,2019,,2790,,,,,
dataflow,ESTAT:CRIM_PRIS_AGE(1.0),Prisoners by age and sex,A,Annual,TOTAL,Total,F,Females,NR,Number,IT,Italy,2020,,2320,,,,,
dataflow,ESTAT:CRIM_PRIS_AGE(1.0),Prisoners by age and sex,A,Annual,TOTAL,Total,F,Females,NR,Number,IT,Italy,2021,,2294,,,,,
dataflow,ESTAT:CRIM_PRIS_AGE(1.0),Prisoners by age and sex,A,Annual,TOTAL,Total,F,Females,NR,Number,IT,Italy,2022,,2423,,,,,
dataflow,ESTAT:CRIM_PRIS_AGE(1.0),Prisoners by age and sex,A,Annual,TOTAL,Total,F,Females,NR,Number,IT,Italy,2023,,2604,,,,,
dataflow,ESTAT:CRIM_PRIS_AGE(1.0),Prisoners by age and sex,A,Annual,TOTAL,Total,F,Females,NR,Number,LT,Lithuania,2014,,380,,,,,
dataflow,ESTAT:CRIM_PRIS_AGE(1.0),Prisoners by age and sex,A,Annual,TOTAL,Total,F,Females,NR,Number,LT,Lithuania,2015,,296,,,,,
dataflow,ESTAT:CRIM_PRIS_AGE(1.0),Prisoners by age and sex,A,Annual,TOTAL,Total,F,Females,NR,Number,LT,Lithuania,2016,,322,,,,,
dataflow,ESTAT:CRIM_PRIS_AGE(1.0),Prisoners by age and sex,A,Annual,TOTAL,Total,F,Females,NR,Number,LT,Lithuania,2017,,331,,,,,
dataflow,ESTAT:CRIM_PRIS_AGE(1.0),Prisoners by age and sex,A,Annual,TOTAL,Total,F,Females,NR,Number,LT,Lithuania,2018,,304,,,,,
dataflow,ESTAT:CRIM_PRIS_AGE(1.0),Prisoners by age and sex,A,Annual,TOTAL,Total,F,Females,NR,Number,LT,Lithuania,2019,,288,,,,,
dataflow,ESTAT:CRIM_PRIS_AGE(1.0),Prisoners by age and sex,A,Annual,TOTAL,Total,F,Females,NR,Number,LT,Lithuania,2020,,252,,,,,
dataflow,ESTAT:CRIM_PRIS_AGE(1.0),Prisoners by age and sex,A,Annual,TOTAL,Total,F,Females,NR,Number,LT,Lithuania,2021,,217,,,,,
dataflow,ESTAT:CRIM_PRIS_AGE(1.0),Prisoners by age and sex,A,Annual,TOTAL,Total,F,Females,NR,Number,LT,Lithuania,2022,,214,,,,,
dataflow,ESTAT:CRIM_PRIS_AGE(1.0),Prisoners by age and sex,A,Annual,TOTAL,Total,F,Females,NR,Number,LT,Lithuania,2023,,206,,,,,
dataflow,ESTAT:CRIM_PRIS_AGE(1.0),Prisoners by age and sex,A,Annual,TOTAL,Total,F,Females,NR,Number,LU,Luxembourg,2014,,26,,,,,
dataflow,ESTAT:CRIM_PRIS_AGE(1.0),Prisoners by age and sex,A,Annual,TOTAL,Total,F,Females,NR,Number,LU,Luxembourg,2015,,40,,,,,
dataflow,ESTAT:CRIM_PRIS_AGE(1.0),Prisoners by age and sex,A,Annual,TOTAL,Total,F,Females,NR,Number,LU,Luxembourg,2016,,36,,,,,
dataflow,ESTAT:CRIM_PRIS_AGE(1.0),Prisoners by age and sex,A,Annual,TOTAL,Total,F,Females,NR,Number,LU,Luxembourg,2017,,37,,,,,
dataflow,ESTAT:CRIM_PRIS_AGE(1.0),Prisoners by age and sex,A,Annual,TOTAL,Total,F,Females,NR,Number,LU,Luxembourg,2018,,33,,,,,
dataflow,ESTAT:CRIM_PRIS_AGE(1.0),Prisoners by age and sex,A,Annual,TOTAL,Total,F,Females,NR,Number,LU,Luxembourg,2019,,32,,,,,
dataflow,ESTAT:CRIM_PRIS_AGE(1.0),Prisoners by age and sex,A,Annual,TOTAL,Total,F,Females,NR,Number,LU,Luxembourg,2020,,29,,,,,
dataflow,ESTAT:CRIM_PRIS_AGE(1.0),Prisoners by age and sex,A,Annual,TOTAL,Total,F,Females,NR,Number,LU,Luxembourg,2021,,34,,,,,
dataflow,ESTAT:CRIM_PRIS_AGE(1.0),Prisoners by age and sex,A,Annual,TOTAL,Total,F,Females,NR,Number,LU,Luxembourg,2022,,39,,,,,
dataflow,ESTAT:CRIM_PRIS_AGE(1.0),Prisoners by age and sex,A,Annual,TOTAL,Total,F,Females,NR,Number,LU,Luxembourg,2023,,28,,,,,
dataflow,ESTAT:CRIM_PRIS_AGE(1.0),Prisoners by age and sex,A,Annual,TOTAL,Total,F,Females,NR,Number,LV,Latvia,2014,,345,,,,,
dataflow,ESTAT:CRIM_PRIS_AGE(1.0),Prisoners by age and sex,A,Annual,TOTAL,Total,F,Females,NR,Number,LV,Latvia,2015,,358,,,,,
dataflow,ESTAT:CRIM_PRIS_AGE(1.0),Prisoners by age and sex,A,Annual,TOTAL,Total,F,Females,NR,Number,LV,Latvia,2016,,349,,,,,
dataflow,ESTAT:CRIM_PRIS_AGE(1.0),Prisoners by age and sex,A,Annual,TOTAL,Total,F,Females,NR,Number,LV,Latvia,2017,,291,,,,,
dataflow,ESTAT:CRIM_PRIS_AGE(1.0),Prisoners by age and sex,A,Annual,TOTAL,Total,F,Females,NR,Number,LV,Latvia,2018,,274,,,,,
dataflow,ESTAT:CRIM_PRIS_AGE(1.0),Prisoners by age and sex,A,Annual,TOTAL,Total,F,Females,NR,Number,LV,Latvia,2019,,294,,,,,
dataflow,ESTAT:CRIM_PRIS_AGE(1.0),Prisoners by age and sex,A,Annual,TOTAL,Total,F,Females,NR,Number,LV,Latvia,2020,,255,,,,,
dataflow,ESTAT:CRIM_PRIS_AGE(1.0),Prisoners by age and sex,A,Annual,TOTAL,Total,F,Females,NR,Number,LV,Latvia,2021,,268,,,,,
dataflow,ESTAT:CRIM_PRIS_AGE(1.0),Prisoners by age and sex,A,Annual,TOTAL,Total,F,Females,NR,Number,LV,Latvia,2022,,248,,,,,
dataflow,ESTAT:CRIM_PRIS_AGE(1.0),Prisoners by age and sex,A,Annual,TOTAL,Total,F,Females,NR,Number,LV,Latvia,2023,,249,,,,,
dataflow,ESTAT:CRIM_PRIS_AGE(1.0),Prisoners by age and sex,A,Annual,TOTAL,Total,F,Females,NR,Number,MT,Malta,2014,,37,,,,,
dataflow,ESTAT:CRIM_PRIS_AGE(1.0),Prisoners by age and sex,A,Annual,TOTAL,Total,F,Females,NR,Number,MT,Malta,2015,,41,,,,,
dataflow,ESTAT:CRIM_PRIS_AGE(1.0),Prisoners by age and sex,A,Annual,TOTAL,Total,F,Females,NR,Number,MT,Malta,2016,,37,,,,,
dataflow,ESTAT:CRIM_PRIS_AGE(1.0),Prisoners by age and sex,A,Annual,TOTAL,Total,F,Females,NR,Number,MT,Malta,2017,,56,,,,,
dataflow,ESTAT:CRIM_PRIS_AGE(1.0),Prisoners by age and sex,A,Annual,TOTAL,Total,F,Females,NR,Number,MT,Malta,2018,,72,,,,,
dataflow,ESTAT:CRIM_PRIS_AGE(1.0),Prisoners by age and sex,A,Annual,TOTAL,Total,F,Females,NR,Number,MT,Malta,2019,,63,,,,,
dataflow,ESTAT:CRIM_PRIS_AGE(1.0),Prisoners by age and sex,A,Annual,TOTAL,Total,F,Females,NR,Number,MT,Malta,2020,,58,,,,,
dataflow,ESTAT:CRIM_PRIS_AGE(1.0),Prisoners by age and sex,A,Annual,TOTAL,Total,F,Females,NR,Number,MT,Malta,2021,,54,,,,,
dataflow,ESTAT:CRIM_PRIS_AGE(1.0),Prisoners by age and sex,A,Annual,TOTAL,Total,F,Females,NR,Number,MT,Malta,2022,,53,,,,,
dataflow,ESTAT:CRIM_PRIS_AGE(1.0),Prisoners by age and sex,A,Annual,TOTAL,Total,F,Females,NR,Number,MT,Malta,2023,,46,,,,,
dataflow,ESTAT:CRIM_PRIS_AGE(1.0),Prisoners by age and sex,A,Annual,TOTAL,Total,F,Females,NR,Number,NL,Netherlands,2014,,671,,,,,
dataflow,ESTAT:CRIM_PRIS_AGE(1.0),Prisoners by age and sex,A,Annual,TOTAL,Total,F,Females,NR,Number,NL,Netherlands,2015,,499,,,,,
dataflow,ESTAT:CRIM_PRIS_AGE(1.0),Prisoners by age and sex,A,Annual,TOTAL,Total,F,Females,NR,Number,NL,Netherlands,2016,,580,,,,,
dataflow,ESTAT:CRIM_PRIS_AGE(1.0),Prisoners by age and sex,A,Annual,TOTAL,Total,F,Females,NR,Number,NL,Netherlands,2017,,596,,,,,
dataflow,ESTAT:CRIM_PRIS_AGE(1.0),Prisoners by age and sex,A,Annual,TOTAL,Total,F,Females,NR,Number,NL,Netherlands,2018,,627,,,,,
dataflow,ESTAT:CRIM_PRIS_AGE(1.0),Prisoners by age and sex,A,Annual,TOTAL,Total,F,Females,NR,Number,NL,Netherlands,2019,,724,,,,,
dataflow,ESTAT:CRIM_PRIS_AGE(1.0),Prisoners by age and sex,A,Annual,TOTAL,Total,F,Females,NR,Number,NL,Netherlands,2020,,514,,,,,
dataflow,ESTAT:CRIM_PRIS_AGE(1.0),Prisoners by age and sex,A,Annual,TOTAL,Total,F,Females,NR,Number,NL,Netherlands,2021,,574,,,,,
dataflow,ESTAT:CRIM_PRIS_AGE(1.0),Prisoners by age and sex,A,Annual,TOTAL,Total,F,Females,NR,Number,NL,Netherlands,2022,,519,,,,,
dataflow,ESTAT:CRIM_PRIS_AGE(1.0),Prisoners by age and sex,A,Annual,TOTAL,Total,F,Females,NR,Number,NL,Netherlands,2023,,558,,,,,
dataflow,ESTAT:CRIM_PRIS_AGE(1.0),Prisoners by age and sex,A,Annual,TOTAL,Total,F,Females,NR,Number,PL,Poland,2014,,2771,,,,,
dataflow,ESTAT:CRIM_PRIS_AGE(1.0),Prisoners by age and sex,A,Annual,TOTAL,Total,F,Females,NR,Number,PL,Poland,2015,,2579,,,,,
dataflow,ESTAT:CRIM_PRIS_AGE(1.0),Prisoners by age and sex,A,Annual,TOTAL,Total,F,Females,NR,Number,PL,Poland,2016,,2642,,,,,
dataflow,ESTAT:CRIM_PRIS_AGE(1.0),Prisoners by age and sex,A,Annual,TOTAL,Total,F,Females,NR,Number,PL,Poland,2017,,2983,,,,,
dataflow,ESTAT:CRIM_PRIS_AGE(1.0),Prisoners by age and sex,A,Annual,TOTAL,Total,F,Females,NR,Number,PL,Poland,2018,,3029,,,,,
dataflow,ESTAT:CRIM_PRIS_AGE(1.0),Prisoners by age and sex,A,Annual,TOTAL,Total,F,Females,NR,Number,PL,Poland,2019,,3272,,,,,
dataflow,ESTAT:CRIM_PRIS_AGE(1.0),Prisoners by age and sex,A,Annual,TOTAL,Total,F,Females,NR,Number,PL,Poland,2020,,3137,,,,,
dataflow,ESTAT:CRIM_PRIS_AGE(1.0),Prisoners by age and sex,A,Annual,TOTAL,Total,F,Females,NR,Number,PL,Poland,2021,,3445,,,,,
dataflow,ESTAT:CRIM_PRIS_AGE(1.0),Prisoners by age and sex,A,Annual,TOTAL,Total,F,Females,NR,Number,PL,Poland,2022,,3522,,,,,
dataflow,ESTAT:CRIM_PRIS_AGE(1.0),Prisoners by age and sex,A,Annual,TOTAL,Total,F,Females,NR,Number,PL,Poland,2023,,3832,,,,,
dataflow,ESTAT:CRIM_PRIS_AGE(1.0),Prisoners by age and sex,A,Annual,TOTAL,Total,F,Females,NR,Number,PT,Portugal,2014,,835,,,,,
dataflow,ESTAT:CRIM_PRIS_AGE(1.0),Prisoners by age and sex,A,Annual,TOTAL,Total,F,Females,NR,Number,PT,Portugal,2015,,855,,,,,
dataflow,ESTAT:CRIM_PRIS_AGE(1.0),Prisoners by age and sex,A,Annual,TOTAL,Total,F,Females,NR,Number,PT,Portugal,2016,,20,,,,,
dataflow,ESTAT:CRIM_PRIS_AGE(1.0),Prisoners by age and sex,A,Annual,TOTAL,Total,F,Females,NR,Number,PT,Portugal,2017,,23,,,,,
dataflow,ESTAT:CRIM_PRIS_AGE(1.0),Prisoners by age and sex,A,Annual,TOTAL,Total,F,Females,NR,Number,PT,Portugal,2018,,25,,,,,
dataflow,ESTAT:CRIM_PRIS_AGE(1.0),Prisoners by age and sex,A,Annual,TOTAL,Total,F,Females,NR,Number,PT,Portugal,2019,,876,,,,,
dataflow,ESTAT:CRIM_PRIS_AGE(1.0),Prisoners by age and sex,A,Annual,TOTAL,Total,F,Females,NR,Number,PT,Portugal,2020,,808,,,,,
dataflow,ESTAT:CRIM_PRIS_AGE(1.0),Prisoners by age and sex,A,Annual,TOTAL,Total,F,Females,NR,Number,PT,Portugal,2021,,827,,,,,
dataflow,ESTAT:CRIM_PRIS_AGE(1.0),Prisoners by age and sex,A,Annual,TOTAL,Total,F,Females,NR,Number,PT,Portugal,2022,,899,,,,,
dataflow,ESTAT:CRIM_PRIS_AGE(1.0),Prisoners by age and sex,A,Annual,TOTAL,Total,F,Females,NR,Number,PT,Portugal,2023,,921,,,,,
dataflow,ESTAT:CRIM_PRIS_AGE(1.0),Prisoners by age and sex,A,Annual,TOTAL,Total,F,Females,NR,Number,RO,Romania,2014,,1537,,,,,
dataflow,ESTAT:CRIM_PRIS_AGE(1.0),Prisoners by age and sex,A,Annual,TOTAL,Total,F,Females,NR,Number,RO,Romania,2015,,1443,,,,,
dataflow,ESTAT:CRIM_PRIS_AGE(1.0),Prisoners by age and sex,A,Annual,TOTAL,Total,F,Females,NR,Number,RO,Romania,2016,,1411,,,,,
dataflow,ESTAT:CRIM_PRIS_AGE(1.0),Prisoners by age and sex,A,Annual,TOTAL,Total,F,Females,NR,Number,RO,Romania,2017,,1120,,,,,
dataflow,ESTAT:CRIM_PRIS_AGE(1.0),Prisoners by age and sex,A,Annual,TOTAL,Total,F,Females,NR,Number,RO,Romania,2018,,948,,,,,
dataflow,ESTAT:CRIM_PRIS_AGE(1.0),Prisoners by age and sex,A,Annual,TOTAL,Total,F,Females,NR,Number,RO,Romania,2019,,932,,,,,
dataflow,ESTAT:CRIM_PRIS_AGE(1.0),Prisoners by age and sex,A,Annual,TOTAL,Total,F,Females,NR,Number,RO,Romania,2020,,1016,,,,,
dataflow,ESTAT:CRIM_PRIS_AGE(1.0),Prisoners by age and sex,A,Annual,TOTAL,Total,F,Females,NR,Number,RO,Romania,2021,,1019,,,,,
dataflow,ESTAT:CRIM_PRIS_AGE(1.0),Prisoners by age and sex,A,Annual,TOTAL,Total,F,Females,NR,Number,RO,Romania,2022,,1041,,,,,
dataflow,ESTAT:CRIM_PRIS_AGE(1.0),Prisoners by age and sex,A,Annual,TOTAL,Total,F,Females,NR,Number,RO,Romania,2023,,1049,,,,,
dataflow,ESTAT:CRIM_PRIS_AGE(1.0),Prisoners by age and sex,A,Annual,TOTAL,Total,F,Females,NR,Number,SE,Sweden,2014,,333,,,,,
dataflow,ESTAT:CRIM_PRIS_AGE(1.0),Prisoners by age and sex,A,Annual,TOTAL,Total,F,Females,NR,Number,SE,Sweden,2015,,327,,,,,
dataflow,ESTAT:CRIM_PRIS_AGE(1.0),Prisoners by age and sex,A,Annual,TOTAL,Total,F,Females,NR,Number,SE,Sweden,2016,,346,,,,,
dataflow,ESTAT:CRIM_PRIS_AGE(1.0),Prisoners by age and sex,A,Annual,TOTAL,Total,F,Females,NR,Number,SE,Sweden,2017,,348,,,,,
dataflow,ESTAT:CRIM_PRIS_AGE(1.0),Prisoners by age and sex,A,Annual,TOTAL,Total,F,Females,NR,Number,SE,Sweden,2018,,345,,,,,
dataflow,ESTAT:CRIM_PRIS_AGE(1.0),Prisoners by age and sex,A,Annual,TOTAL,Total,F,Females,NR,Number,SE,Sweden,2019,,408,,,,,
dataflow,ESTAT:CRIM_PRIS_AGE(1.0),Prisoners by age and sex,A,Annual,TOTAL,Total,F,Females,NR,Number,SE,Sweden,2020,,438,,,,,
dataflow,ESTAT:CRIM_PRIS_AGE(1.0),Prisoners by age and sex,A,Annual,TOTAL,Total,F,Females,NR,Number,SE,Sweden,2021,,457,,,,,
dataflow,ESTAT:CRIM_PRIS_AGE(1.0),Prisoners by age and sex,A,Annual,TOTAL,Total,F,Females,NR,Number,SE,Sweden,2022,,530,,,,,
dataflow,ESTAT:CRIM_PRIS_AGE(1.0),Prisoners by age and sex,A,Annual,TOTAL,Total,F,Females,NR,Number,SE,Sweden,2023,,664,,,,,
dataflow,ESTAT:CRIM_PRIS_AGE(1.0),Prisoners by age and sex,A,Annual,TOTAL,Total,F,Females,NR,Number,SI,Slovenia,2014,,89,,,,,
dataflow,ESTAT:CRIM_PRIS_AGE(1.0),Prisoners by age and sex,A,Annual,TOTAL,Total,F,Females,NR,Number,SI,Slovenia,2015,,81,,,,,
dataflow,ESTAT:CRIM_PRIS_AGE(1.0),Prisoners by age and sex,A,Annual,TOTAL,Total,F,Females,NR,Number,SI,Slovenia,2016,,104,,,,,
dataflow,ESTAT:CRIM_PRIS_AGE(1.0),Prisoners by age and sex,A,Annual,TOTAL,Total,F,Females,NR,Number,SI,Slovenia,2018,,81,,,,,
dataflow,ESTAT:CRIM_PRIS_AGE(1.0),Prisoners by age and sex,A,Annual,TOTAL,Total,F,Females,NR,Number,SI,Slovenia,2019,,76,,,,,
dataflow,ESTAT:CRIM_PRIS_AGE(1.0),Prisoners by age and sex,A,Annual,TOTAL,Total,F,Females,NR,Number,SI,Slovenia,2020,,69,,,,,
dataflow,ESTAT:CRIM_PRIS_AGE(1.0),Prisoners by age and sex,A,Annual,TOTAL,Total,F,Females,NR,Number,SI,Slovenia,2021,,56,,,,,
dataflow,ESTAT:CRIM_PRIS_AGE(1.0),Prisoners by age and sex,A,Annual,TOTAL,Total,F,Females,NR,Number,SI,Slovenia,2022,,74,,,,,
dataflow,ESTAT:CRIM_PRIS_AGE(1.0),Prisoners by age and sex,A,Annual,TOTAL,Total,F,Females,NR,Number,SI,Slovenia,2023,,79,,,,,
dataflow,ESTAT:CRIM_PRIS_AGE(1.0),Prisoners by age and sex,A,Annual,TOTAL,Total,F,Females,NR,Number,SK,Slovakia,2014,,614,,,,,
dataflow,ESTAT:CRIM_PRIS_AGE(1.0),Prisoners by age and sex,A,Annual,TOTAL,Total,F,Females,NR,Number,SK,Slovakia,2015,,631,,,,,
dataflow,ESTAT:CRIM_PRIS_AGE(1.0),Prisoners by age and sex,A,Annual,TOTAL,Total,F,Females,NR,Number,SK,Slovakia,2016,,673,,,,,
dataflow,ESTAT:CRIM_PRIS_AGE(1.0),Prisoners by age and sex,A,Annual,TOTAL,Total,F,Females,NR,Number,SK,Slovakia,2017,,716,,,,,
dataflow,ESTAT:CRIM_PRIS_AGE(1.0),Prisoners by age and sex,A,Annual,TOTAL,Total,F,Females,NR,Number,SK,Slovakia,2018,,772,,,,,
dataflow,ESTAT:CRIM_PRIS_AGE(1.0),Prisoners by age and sex,A,Annual,TOTAL,Total,F,Females,NR,Number,SK,Slovakia,2019,,785,,,,,
dataflow,ESTAT:CRIM_PRIS_AGE(1.0),Prisoners by age and sex,A,Annual,TOTAL,Total,F,Females,NR,Number,SK,Slovakia,2020,,791,,,,,
dataflow,ESTAT:CRIM_PRIS_AGE(1.0),Prisoners by age and sex,A,Annual,TOTAL,Total,F,Females,NR,Number,SK,Slovakia,2021,,751,,,,,
dataflow,ESTAT:CRIM_PRIS_AGE(1.0),Prisoners by age and sex,A,Annual,TOTAL,Total,F,Females,NR,Number,SK,Slovakia,2022,,620,,,,,
dataflow,ESTAT:CRIM_PRIS_AGE(1.0),Prisoners by age and sex,A,Annual,TOTAL,Total,F,Females,NR,Number,SK,Slovakia,2023,,750,,,,,
dataflow,ESTAT:CRIM_PRIS_AGE(1.0),Prisoners by age and sex,A,Annual,TOTAL,Total,M,Males,NR,Number,AT,Austria,2014,,8185,,,,,
dataflow,ESTAT:CRIM_PRIS_AGE(1.0),Prisoners by age and sex,A,Annual,TOTAL,Total,M,Males,NR,Number,AT,Austria,2015,,8057,,,,,
dataflow,ESTAT:CRIM_PRIS_AGE(1.0),Prisoners by age and sex,A,Annual,TOTAL,Total,M,Males,NR,Number,AT,Austria,2016,,8127,,,,,
dataflow,ESTAT:CRIM_PRIS_AGE(1.0),Prisoners by age and sex,A,Annual,TOTAL,Total,M,Males,NR,Number,AT,Austria,2017,,8334,,,,,
dataflow,ESTAT:CRIM_PRIS_AGE(1.0),Prisoners by age and sex,A,Annual,TOTAL,Total,M,Males,NR,Number,AT,Austria,2018,,8600,,,,,
dataflow,ESTAT:CRIM_PRIS_AGE(1.0),Prisoners by age and sex,A,Annual,TOTAL,Total,M,Males,NR,Number,AT,Austria,2019,,8466,,,,,
dataflow,ESTAT:CRIM_PRIS_AGE(1.0),Prisoners by age and sex,A,Annual,TOTAL,Total,M,Males,NR,Number,AT,Austria,2020,,7934,,,,,
dataflow,ESTAT:CRIM_PRIS_AGE(1.0),Prisoners by age and sex,A,Annual,TOTAL,Total,M,Males,NR,Number,AT,Austria,2021,,7909,,,,,
dataflow,ESTAT:CRIM_PRIS_AGE(1.0),Prisoners by age and sex,A,Annual,TOTAL,Total,M,Males,NR,Number,AT,Austria,2022,,8394,,,,,
dataflow,ESTAT:CRIM_PRIS_AGE(1.0),Prisoners by age and sex,A,Annual,TOTAL,Total,M,Males,NR,Number,AT,Austria,2023,,8475,,,,,
dataflow,ESTAT:CRIM_PRIS_AGE(1.0),Prisoners by age and sex,A,Annual,TOTAL,Total,M,Males,NR,Number,BE,Belgium,2015,,10355,,,,,
dataflow,ESTAT:CRIM_PRIS_AGE(1.0),Prisoners by age and sex,A,Annual,TOTAL,Total,M,Males,NR,Number,BE,Belgium,2017,,10031,,,,,
dataflow,ESTAT:CRIM_PRIS_AGE(1.0),Prisoners by age and sex,A,Annual,TOTAL,Total,M,Males,NR,Number,BE,Belgium,2018,,9800,,,,,
dataflow,ESTAT:CRIM_PRIS_AGE(1.0),Prisoners by age and sex,A,Annual,TOTAL,Total,M,Males,NR,Number,BE,Belgium,2019,,10315,,,,,
dataflow,ESTAT:CRIM_PRIS_AGE(1.0),Prisoners by age and sex,A,Annual,TOTAL,Total,M,Males,NR,Number,BE,Belgium,2020,,9867,,,,,
dataflow,ESTAT:CRIM_PRIS_AGE(1.0),Prisoners by age and sex,A,Annual,TOTAL,Total,M,Males,NR,Number,BE,Belgium,2021,,10262,,,,,
dataflow,ESTAT:CRIM_PRIS_AGE(1.0),Prisoners by age and sex,A,Annual,TOTAL,Total,M,Males,NR,Number,BE,Belgium,2022,,10547,,,,,
dataflow,ESTAT:CRIM_PRIS_AGE(1.0),Prisoners by age and sex,A,Annual,TOTAL,Total,M,Males,NR,Number,BE,Belgium,2023,,11383,,,,,
dataflow,ESTAT:CRIM_PRIS_AGE(1.0),Prisoners by age and sex,A,Annual,TOTAL,Total,M,Males,NR,Number,BG,Bulgaria,2014,,7611,,,,,
dataflow,ESTAT:CRIM_PRIS_AGE(1.0),Prisoners by age and sex,A,Annual,TOTAL,Total,M,Males,NR,Number,BG,Bulgaria,2015,,7162,,,,,
dataflow,ESTAT:CRIM_PRIS_AGE(1.0),Prisoners by age and sex,A,Annual,TOTAL,Total,M,Males,NR,Number,BG,Bulgaria,2016,,7117,,,,,
dataflow,ESTAT:CRIM_PRIS_AGE(1.0),Prisoners by age and sex,A,Annual,TOTAL,Total,M,Males,NR,Number,BG,Bulgaria,2017,,6769,,,,,
dataflow,ESTAT:CRIM_PRIS_AGE(1.0),Prisoners by age and sex,A,Annual,TOTAL,Total,M,Males,NR,Number,BG,Bulgaria,2018,,6436,,,,,
dataflow,ESTAT:CRIM_PRIS_AGE(1.0),Prisoners by age and sex,A,Annual,TOTAL,Total,M,Males,NR,Number,BG,Bulgaria,2019,,6232,,,,,
dataflow,ESTAT:CRIM_PRIS_AGE(1.0),Prisoners by age and sex,A,Annual,TOTAL,Total,M,Males,NR,Number,BG,Bulgaria,2020,,6059,,,,,
dataflow,ESTAT:CRIM_PRIS_AGE(1.0),Prisoners by age and sex,A,Annual,TOTAL,Total,M,Males,NR,Number,BG,Bulgaria,2021,,5663,,,,,
dataflow,ESTAT:CRIM_PRIS_AGE(1.0),Prisoners by age and sex,A,Annual,TOTAL,Total,M,Males,NR,Number,BG,Bulgaria,2022,,5369,,,,,
dataflow,ESTAT:CRIM_PRIS_AGE(1.0),Prisoners by age and sex,A,Annual,TOTAL,Total,M,Males,NR,Number,BG,Bulgaria,2023,,5298,,,,,
dataflow,ESTAT:CRIM_PRIS_AGE(1.0),Prisoners by age and sex,A,Annual,TOTAL,Total,M,Males,NR,Number,CY,Cyprus,2014,,502,,,,,
dataflow,ESTAT:CRIM_PRIS_AGE(1.0),Prisoners by age and sex,A,Annual,TOTAL,Total,M,Males,NR,Number,CY,Cyprus,2015,,515,,,,,
dataflow,ESTAT:CRIM_PRIS_AGE(1.0),Prisoners by age and sex,A,Annual,TOTAL,Total,M,Males,NR,Number,CY,Cyprus,2016,,545,,,,,
dataflow,ESTAT:CRIM_PRIS_AGE(1.0),Prisoners by age and sex,A,Annual,TOTAL,Total,M,Males,NR,Number,CY,Cyprus,2017,,558,,,,,
dataflow,ESTAT:CRIM_PRIS_AGE(1.0),Prisoners by age and sex,A,Annual,TOTAL,Total,M,Males,NR,Number,CY,Cyprus,2018,,583,,,,,
dataflow,ESTAT:CRIM_PRIS_AGE(1.0),Prisoners by age and sex,A,Annual,TOTAL,Total,M,Males,NR,Number,CY,Cyprus,2019,,725,,,,,
dataflow,ESTAT:CRIM_PRIS_AGE(1.0),Prisoners by age and sex,A,Annual,TOTAL,Total,M,Males,NR,Number,CY,Cyprus,2020,,571,,,,,
dataflow,ESTAT:CRIM_PRIS_AGE(1.0),Prisoners by age and sex,A,Annual,TOTAL,Total,M,Males,NR,Number,CY,Cyprus,2021,,718,,,,,
dataflow,ESTAT:CRIM_PRIS_AGE(1.0),Prisoners by age and sex,A,Annual,TOTAL,Total,M,Males,NR,Number,CY,Cyprus,2022,,897,,,,,
dataflow,ESTAT:CRIM_PRIS_AGE(1.0),Prisoners by age and sex,A,Annual,TOTAL,Total,M,Males,NR,Number,CY,Cyprus,2023,,901,,,,,
dataflow,ESTAT:CRIM_PRIS_AGE(1.0),Prisoners by age and sex,A,Annual,TOTAL,Total,M,Males,NR,Number,CZ,Czechia,2014,,17488,,,,,
dataflow,ESTAT:CRIM_PRIS_AGE(1.0),Prisoners by age and sex,A,Annual,TOTAL,Total,M,Males,NR,Number,CZ,Czechia,2015,,19433,,,,,
dataflow,ESTAT:CRIM_PRIS_AGE(1.0),Prisoners by age and sex,A,Annual,TOTAL,Total,M,Males,NR,Number,CZ,Czechia,2016,,20838,,,,,
dataflow,ESTAT:CRIM_PRIS_AGE(1.0),Prisoners by age and sex,A,Annual,TOTAL,Total,M,Males,NR,Number,CZ,Czechia,2017,,20442,,,,,
dataflow,ESTAT:CRIM_PRIS_AGE(1.0),Prisoners by age and sex,A,Annual,TOTAL,Total,M,Males,NR,Number,CZ,Czechia,2018,,19933,,,,,
dataflow,ESTAT:CRIM_PRIS_AGE(1.0),Prisoners by age and sex,A,Annual,TOTAL,Total,M,Males,NR,Number,CZ,Czechia,2019,,19247,,,,,
dataflow,ESTAT:CRIM_PRIS_AGE(1.0),Prisoners by age and sex,A,Annual,TOTAL,Total,M,Males,NR,Number,CZ,Czechia,2020,,17637,,,,,
dataflow,ESTAT:CRIM_PRIS_AGE(1.0),Prisoners by age and sex,A,Annual,TOTAL,Total,M,Males,NR,Number,CZ,Czechia,2021,,17229,,,,,
dataflow,ESTAT:CRIM_PRIS_AGE(1.0),Prisoners by age and sex,A,Annual,TOTAL,Total,M,Males,NR,Number,CZ,Czechia,2022,,17439,,,,,
dataflow,ESTAT:CRIM_PRIS_AGE(1.0),Prisoners by age and sex,A,Annual,TOTAL,Total,M,Males,NR,Number,CZ,Czechia,2023,,17854,,,,,
dataflow,ESTAT:CRIM_PRIS_AGE(1.0),Prisoners by age and sex,A,Annual,TOTAL,Total,M,Males,NR,Number,DE,Germany,2014,,59589,,,,,
dataflow,ESTAT:CRIM_PRIS_AGE(1.0),Prisoners by age and sex,A,Annual,TOTAL,Total,M,Males,NR,Number,DE,Germany,2015,,59411,,,,,
dataflow,ESTAT:CRIM_PRIS_AGE(1.0),Prisoners by age and sex,A,Annual,TOTAL,Total,M,Males,NR,Number,DK,Denmark,2014,,3438,,,,,
dataflow,ESTAT:CRIM_PRIS_AGE(1.0),Prisoners by age and sex,A,Annual,TOTAL,Total,M,Males,NR,Number,DK,Denmark,2015,,3085,,,,,
dataflow,ESTAT:CRIM_PRIS_AGE(1.0),Prisoners by age and sex,A,Annual,TOTAL,Total,M,Males,NR,Number,DK,Denmark,2016,,3258,,,,,
dataflow,ESTAT:CRIM_PRIS_AGE(1.0),Prisoners by age and sex,A,Annual,TOTAL,Total,M,Males,NR,Number,DK,Denmark,2017,,3282,,,,,
dataflow,ESTAT:CRIM_PRIS_AGE(1.0),Prisoners by age and sex,A,Annual,TOTAL,Total,M,Males,NR,Number,DK,Denmark,2018,,3503,,,,,
dataflow,ESTAT:CRIM_PRIS_AGE(1.0),Prisoners by age and sex,A,Annual,TOTAL,Total,M,Males,NR,Number,DK,Denmark,2019,,3738,,,,,
dataflow,ESTAT:CRIM_PRIS_AGE(1.0),Prisoners by age and sex,A,Annual,TOTAL,Total,M,Males,NR,Number,DK,Denmark,2020,,3977,,,,,
dataflow,ESTAT:CRIM_PRIS_AGE(1.0),Prisoners by age and sex,A,Annual,TOTAL,Total,M,Males,NR,Number,DK,Denmark,2021,,4036,,,,,
dataflow,ESTAT:CRIM_PRIS_AGE(1.0),Prisoners by age and sex,A,Annual,TOTAL,Total,M,Males,NR,Number,DK,Denmark,2022,,4005,,,,,
dataflow,ESTAT:CRIM_PRIS_AGE(1.0),Prisoners by age and sex,A,Annual,TOTAL,Total,M,Males,NR,Number,DK,Denmark,2023,,3943,,,,,
dataflow,ESTAT:CRIM_PRIS_AGE(1.0),Prisoners by age and sex,A,Annual,TOTAL,Total,M,Males,NR,Number,EE,Estonia,2015,,2668,,,,,
dataflow,ESTAT:CRIM_PRIS_AGE(1.0),Prisoners by age and sex,A,Annual,TOTAL,Total,M,Males,NR,Number,EE,Estonia,2016,,2686,,,,,
dataflow,ESTAT:CRIM_PRIS_AGE(1.0),Prisoners by age and sex,A,Annual,TOTAL,Total,M,Males,NR,Number,EE,Estonia,2017,,2582,,,,,
dataflow,ESTAT:CRIM_PRIS_AGE(1.0),Prisoners by age and sex,A,Annual,TOTAL,Total,M,Males,NR,Number,EE,Estonia,2018,,2461,,,,,
dataflow,ESTAT:CRIM_PRIS_AGE(1.0),Prisoners by age and sex,A,Annual,TOTAL,Total,M,Males,NR,Number,EE,Estonia,2019,,2375,,,,,
dataflow,ESTAT:CRIM_PRIS_AGE(1.0),Prisoners by age and sex,A,Annual,TOTAL,Total,M,Males,NR,Number,EE,Estonia,2020,,2251,,,,,
dataflow,ESTAT:CRIM_PRIS_AGE(1.0),Prisoners by age and sex,A,Annual,TOTAL,Total,M,Males,NR,Number,EE,Estonia,2021,,2088,,,,,
dataflow,ESTAT:CRIM_PRIS_AGE(1.0),Prisoners by age and sex,A,Annual,TOTAL,Total,M,Males,NR,Number,EE,Estonia,2022,,1971,,,,,
dataflow,ESTAT:CRIM_PRIS_AGE(1.0),Prisoners by age and sex,A,Annual,TOTAL,Total,M,Males,NR,Number,EE,Estonia,2023,,1753,,,,,
dataflow,ESTAT:CRIM_PRIS_AGE(1.0),Prisoners by age and sex,A,Annual,TOTAL,Total,M,Males,NR,Number,EL,Greece,2014,,11226,,,,,
dataflow,ESTAT:CRIM_PRIS_AGE(1.0),Prisoners by age and sex,A,Annual,TOTAL,Total,M,Males,NR,Number,EL,Greece,2015,,9125,,,,,
dataflow,ESTAT:CRIM_PRIS_AGE(1.0),Prisoners by age and sex,A,Annual,TOTAL,Total,M,Males,NR,Number,EL,Greece,2016,,9035,,,,,
dataflow,ESTAT:CRIM_PRIS_AGE(1.0),Prisoners by age and sex,A,Annual,TOTAL,Total,M,Males,NR,Number,EL,Greece,2017,,9460,,,,,
dataflow,ESTAT:CRIM_PRIS_AGE(1.0),Prisoners by age and sex,A,Annual,TOTAL,Total,M,Males,NR,Number,EL,Greece,2018,,10101,,,,,
dataflow,ESTAT:CRIM_PRIS_AGE(1.0),Prisoners by age and sex,A,Annual,TOTAL,Total,M,Males,NR,Number,EL,Greece,2019,,10401,,,,,
dataflow,ESTAT:CRIM_PRIS_AGE(1.0),Prisoners by age and sex,A,Annual,TOTAL,Total,M,Males,NR,Number,EL,Greece,2020,,10852,,,,,
dataflow,ESTAT:CRIM_PRIS_AGE(1.0),Prisoners by age and sex,A,Annual,TOTAL,Total,M,Males,NR,Number,EL,Greece,2021,,10493,,,,,
dataflow,ESTAT:CRIM_PRIS_AGE(1.0),Prisoners by age and sex,A,Annual,TOTAL,Total,M,Males,NR,Number,EL,Greece,2022,,9993,,,,,
dataflow,ESTAT:CRIM_PRIS_AGE(1.0),Prisoners by age and sex,A,Annual,TOTAL,Total,M,Males,NR,Number,EL,Greece,2023,,9745,,,,,
dataflow,ESTAT:CRIM_PRIS_AGE(1.0),Prisoners by age and sex,A,Annual,TOTAL,Total,M,Males,NR,Number,ES,Spain,2014,,58798,,,,,
dataflow,ESTAT:CRIM_PRIS_AGE(1.0),Prisoners by age and sex,A,Annual,TOTAL,Total,M,Males,NR,Number,ES,Spain,2015,,55737,,,,,
dataflow,ESTAT:CRIM_PRIS_AGE(1.0),Prisoners by age and sex,A,Annual,TOTAL,Total,M,Males,NR,Number,ES,Spain,2016,,53971,,,,,
dataflow,ESTAT:CRIM_PRIS_AGE(1.0),Prisoners by age and sex,A,Annual,TOTAL,Total,M,Males,NR,Number,ES,Spain,2017,,54447,,,,,
dataflow,ESTAT:CRIM_PRIS_AGE(1.0),Prisoners by age and sex,A,Annual,TOTAL,Total,M,Males,NR,Number,ES,Spain,2018,,54449,,,,,
dataflow,ESTAT:CRIM_PRIS_AGE(1.0),Prisoners by age and sex,A,Annual,TOTAL,Total,M,Males,NR,Number,ES,Spain,2019,,54144,,,,,
dataflow,ESTAT:CRIM_PRIS_AGE(1.0),Prisoners by age and sex,A,Annual,TOTAL,Total,M,Males,NR,Number,ES,Spain,2020,,51165,,,,,
dataflow,ESTAT:CRIM_PRIS_AGE(1.0),Prisoners by age and sex,A,Annual,TOTAL,Total,M,Males,NR,Number,ES,Spain,2021,,51172,,,,,
dataflow,ESTAT:CRIM_PRIS_AGE(1.0),Prisoners by age and sex,A,Annual,TOTAL,Total,M,Males,NR,Number,ES,Spain,2022,,51780,,,,,
dataflow,ESTAT:CRIM_PRIS_AGE(1.0),Prisoners by age and sex,A,Annual,TOTAL,Total,M,Males,NR,Number,ES,Spain,2023,,52698,,,,,
dataflow,ESTAT:CRIM_PRIS_AGE(1.0),Prisoners by age and sex,A,Annual,TOTAL,Total,M,Males,NR,Number,FI,Finland,2014,,2908,,,,,
dataflow,ESTAT:CRIM_PRIS_AGE(1.0),Prisoners by age and sex,A,Annual,TOTAL,Total,M,Males,NR,Number,FI,Finland,2015,,2898,,,,,
dataflow,ESTAT:CRIM_PRIS_AGE(1.0),Prisoners by age and sex,A,Annual,TOTAL,Total,M,Males,NR,Number,FI,Finland,2016,,2930,,,,,
dataflow,ESTAT:CRIM_PRIS_AGE(1.0),Prisoners by age and sex,A,Annual,TOTAL,Total,M,Males,NR,Number,FI,Finland,2017,,2848,,,,,
dataflow,ESTAT:CRIM_PRIS_AGE(1.0),Prisoners by age and sex,A,Annual,TOTAL,Total,M,Males,NR,Number,FI,Finland,2018,,2729,,,,,
dataflow,ESTAT:CRIM_PRIS_AGE(1.0),Prisoners by age and sex,A,Annual,TOTAL,Total,M,Males,NR,Number,FI,Finland,2019,,2721,,,,,
dataflow,ESTAT:CRIM_PRIS_AGE(1.0),Prisoners by age and sex,A,Annual,TOTAL,Total,M,Males,NR,Number,FI,Finland,2020,,2520,,,,,
dataflow,ESTAT:CRIM_PRIS_AGE(1.0),Prisoners by age and sex,A,Annual,TOTAL,Total,M,Males,NR,Number,FI,Finland,2021,,2600,,,,,
dataflow,ESTAT:CRIM_PRIS_AGE(1.0),Prisoners by age and sex,A,Annual,TOTAL,Total,M,Males,NR,Number,FI,Finland,2022,,2653,,,,,
dataflow,ESTAT:CRIM_PRIS_AGE(1.0),Prisoners by age and sex,A,Annual,TOTAL,Total,M,Males,NR,Number,FI,Finland,2023,,2737,,,,,
dataflow,ESTAT:CRIM_PRIS_AGE(1.0),Prisoners by age and sex,A,Annual,TOTAL,Total,M,Males,NR,Number,FR,France,2014,,64162,,,,,
dataflow,ESTAT:CRIM_PRIS_AGE(1.0),Prisoners by age and sex,A,Annual,TOTAL,Total,M,Males,NR,Number,FR,France,2015,,64531,,,,,
dataflow,ESTAT:CRIM_PRIS_AGE(1.0),Prisoners by age and sex,A,Annual,TOTAL,Total,M,Males,NR,Number,FR,France,2016,,66167,,,,,
dataflow,ESTAT:CRIM_PRIS_AGE(1.0),Prisoners by age and sex,A,Annual,TOTAL,Total,M,Males,NR,Number,FR,France,2017,,66581,,,,,
dataflow,ESTAT:CRIM_PRIS_AGE(1.0),Prisoners by age and sex,A,Annual,TOTAL,Total,M,Males,NR,Number,FR,France,2018,,67525,,,,,
dataflow,ESTAT:CRIM_PRIS_AGE(1.0),Prisoners by age and sex,A,Annual,TOTAL,Total,M,Males,NR,Number,FR,France,2019,,68228,,,,,
dataflow,ESTAT:CRIM_PRIS_AGE(1.0),Prisoners by age and sex,A,Annual,TOTAL,Total,M,Males,NR,Number,FR,France,2020,,60488,,,,,
dataflow,ESTAT:CRIM_PRIS_AGE(1.0),Prisoners by age and sex,A,Annual,TOTAL,Total,M,Males,NR,Number,FR,France,2021,,67229,,,,,
dataflow,ESTAT:CRIM_PRIS_AGE(1.0),Prisoners by age and sex,A,Annual,TOTAL,Total,M,Males,NR,Number,FR,France,2022,,69887,,,,,
dataflow,ESTAT:CRIM_PRIS_AGE(1.0),Prisoners by age and sex,A,Annual,TOTAL,Total,M,Males,NR,Number,FR,France,2023,,73376,,,,,
dataflow,ESTAT:CRIM_PRIS_AGE(1.0),Prisoners by age and sex,A,Annual,TOTAL,Total,M,Males,NR,Number,HR,Croatia,2014,,3573,,,,,
dataflow,ESTAT:CRIM_PRIS_AGE(1.0),Prisoners by age and sex,A,Annual,TOTAL,Total,M,Males,NR,Number,HR,Croatia,2015,,3177,,,,,
dataflow,ESTAT:CRIM_PRIS_AGE(1.0),Prisoners by age and sex,A,Annual,TOTAL,Total,M,Males,NR,Number,HR,Croatia,2016,,2985,,,,,
dataflow,ESTAT:CRIM_PRIS_AGE(1.0),Prisoners by age and sex,A,Annual,TOTAL,Total,M,Males,NR,Number,HR,Croatia,2017,,3043,,,,,
dataflow,ESTAT:CRIM_PRIS_AGE(1.0),Prisoners by age and sex,A,Annual,TOTAL,Total,M,Males,NR,Number,HR,Croatia,2018,,3047,,,,,
dataflow,ESTAT:CRIM_PRIS_AGE(1.0),Prisoners by age and sex,A,Annual,TOTAL,Total,M,Males,NR,Number,HR,Croatia,2019,,3339,,,,,
dataflow,ESTAT:CRIM_PRIS_AGE(1.0),Prisoners by age and sex,A,Annual,TOTAL,Total,M,Males,NR,Number,HR,Croatia,2020,,3343,,,,,
dataflow,ESTAT:CRIM_PRIS_AGE(1.0),Prisoners by age and sex,A,Annual,TOTAL,Total,M,Males,NR,Number,HR,Croatia,2021,,3698,,,,,
dataflow,ESTAT:CRIM_PRIS_AGE(1.0),Prisoners by age and sex,A,Annual,TOTAL,Total,M,Males,NR,Number,HR,Croatia,2022,,3872,,,,,
dataflow,ESTAT:CRIM_PRIS_AGE(1.0),Prisoners by age and sex,A,Annual,TOTAL,Total,M,Males,NR,Number,HR,Croatia,2023,,4219,,,,,
dataflow,ESTAT:CRIM_PRIS_AGE(1.0),Prisoners by age and sex,A,Annual,TOTAL,Total,M,Males,NR,Number,HU,Hungary,2014,,16541,,,,,
dataflow,ESTAT:CRIM_PRIS_AGE(1.0),Prisoners by age and sex,A,Annual,TOTAL,Total,M,Males,NR,Number,HU,Hungary,2015,,16199,,,,,
dataflow,ESTAT:CRIM_PRIS_AGE(1.0),Prisoners by age and sex,A,Annual,TOTAL,Total,M,Males,NR,Number,HU,Hungary,2016,,16361,,,,,
dataflow,ESTAT:CRIM_PRIS_AGE(1.0),Prisoners by age and sex,A,Annual,TOTAL,Total,M,Males,NR,Number,HU,Hungary,2017,,16067,,,,,
dataflow,ESTAT:CRIM_PRIS_AGE(1.0),Prisoners by age and sex,A,Annual,TOTAL,Total,M,Males,NR,Number,HU,Hungary,2018,,15096,,,,,
dataflow,ESTAT:CRIM_PRIS_AGE(1.0),Prisoners by age and sex,A,Annual,TOTAL,Total,M,Males,NR,Number,HU,Hungary,2019,,15079,,,,,
dataflow,ESTAT:CRIM_PRIS_AGE(1.0),Prisoners by age and sex,A,Annual,TOTAL,Total,M,Males,NR,Number,HU,Hungary,2020,,15462,,,,,
dataflow,ESTAT:CRIM_PRIS_AGE(1.0),Prisoners by age and sex,A,Annual,TOTAL,Total,M,Males,NR,Number,HU,Hungary,2021,,17193,,,,,
dataflow,ESTAT:CRIM_PRIS_AGE(1.0),Prisoners by age and sex,A,Annual,TOTAL,Total,M,Males,NR,Number,HU,Hungary,2022,,17930,,,,,
dataflow,ESTAT:CRIM_PRIS_AGE(1.0),Prisoners by age and sex,A,Annual,TOTAL,Total,M,Males,NR,Number,HU,Hungary,2023,,16472,,,,,
dataflow,ESTAT:CRIM_PRIS_AGE(1.0),Prisoners by age and sex,A,Annual,TOTAL,Total,M,Males,NR,Number,IE,Ireland,2014,,3096,,,,,
dataflow,ESTAT:CRIM_PRIS_AGE(1.0),Prisoners by age and sex,A,Annual,TOTAL,Total,M,Males,NR,Number,IE,Ireland,2015,,3094,,,,,
dataflow,ESTAT:CRIM_PRIS_AGE(1.0),Prisoners by age and sex,A,Annual,TOTAL,Total,M,Males,NR,Number,IE,Ireland,2016,,2982,,,,,
dataflow,ESTAT:CRIM_PRIS_AGE(1.0),Prisoners by age and sex,A,Annual,TOTAL,Total,M,Males,NR,Number,IE,Ireland,2018,,3921,,,,,
dataflow,ESTAT:CRIM_PRIS_AGE(1.0),Prisoners by age and sex,A,Annual,TOTAL,Total,M,Males,NR,Number,IE,Ireland,2019,,3908,,,,,
dataflow,ESTAT:CRIM_PRIS_AGE(1.0),Prisoners by age and sex,A,Annual,TOTAL,Total,M,Males,NR,Number,IE,Ireland,2020,,3778,,,,,
dataflow,ESTAT:CRIM_PRIS_AGE(1.0),Prisoners by age and sex,A,Annual,TOTAL,Total,M,Males,NR,Number,IE,Ireland,2021,,3759,,,,,
dataflow,ESTAT:CRIM_PRIS_AGE(1.0),Prisoners by age and sex,A,Annual,TOTAL,Total,M,Males,NR,Number,IE,Ireland,2022,,4271,,,,,
dataflow,ESTAT:CRIM_PRIS_AGE(1.0),Prisoners by age and sex,A,Annual,TOTAL,Total,M,Males,NR,Number,IE,Ireland,2023,,4627,,,,,
dataflow,ESTAT:CRIM_PRIS_AGE(1.0),Prisoners by age and sex,A,Annual,TOTAL,Total,M,Males,NR,Number,IT,Italy,2014,,52371,,,,,
dataflow,ESTAT:CRIM_PRIS_AGE(1.0),Prisoners by age and sex,A,Annual,TOTAL,Total,M,Males,NR,Number,IT,Italy,2015,,51203,,,,,
dataflow,ESTAT:CRIM_PRIS_AGE(1.0),Prisoners by age and sex,A,Annual,TOTAL,Total,M,Males,NR,Number,IT,Italy,2016,,53599,,,,,
dataflow,ESTAT:CRIM_PRIS_AGE(1.0),Prisoners by age and sex,A,Annual,TOTAL,Total,M,Males,NR,Number,IT,Italy,2017,,56522,,,,,
dataflow,ESTAT:CRIM_PRIS_AGE(1.0),Prisoners by age and sex,A,Annual,TOTAL,Total,M,Males,NR,Number,IT,Italy,2018,,58432,,,,,
dataflow,ESTAT:CRIM_PRIS_AGE(1.0),Prisoners by age and sex,A,Annual,TOTAL,Total,M,Males,NR,Number,IT,Italy,2019,,59442,,,,,
dataflow,ESTAT:CRIM_PRIS_AGE(1.0),Prisoners by age and sex,A,Annual,TOTAL,Total,M,Males,NR,Number,IT,Italy,2020,,52285,,,,,
dataflow,ESTAT:CRIM_PRIS_AGE(1.0),Prisoners by age and sex,A,Annual,TOTAL,Total,M,Males,NR,Number,IT,Italy,2021,,53055,,,,,
dataflow,ESTAT:CRIM_PRIS_AGE(1.0),Prisoners by age and sex,A,Annual,TOTAL,Total,M,Males,NR,Number,IT,Italy,2022,,55032,,,,,
dataflow,ESTAT:CRIM_PRIS_AGE(1.0),Prisoners by age and sex,A,Annual,TOTAL,Total,M,Males,NR,Number,IT,Italy,2023,,58964,,,,,
dataflow,ESTAT:CRIM_PRIS_AGE(1.0),Prisoners by age and sex,A,Annual,TOTAL,Total,M,Males,NR,Number,LT,Lithuania,2014,,8256,,,,,
dataflow,ESTAT:CRIM_PRIS_AGE(1.0),Prisoners by age and sex,A,Annual,TOTAL,Total,M,Males,NR,Number,LT,Lithuania,2015,,7059,,,,,
dataflow,ESTAT:CRIM_PRIS_AGE(1.0),Prisoners by age and sex,A,Annual,TOTAL,Total,M,Males,NR,Number,LT,Lithuania,2016,,6493,,,,,
dataflow,ESTAT:CRIM_PRIS_AGE(1.0),Prisoners by age and sex,A,Annual,TOTAL,Total,M,Males,NR,Number,LT,Lithuania,2017,,6268,,,,,
dataflow,ESTAT:CRIM_PRIS_AGE(1.0),Prisoners by age and sex,A,Annual,TOTAL,Total,M,Males,NR,Number,LT,Lithuania,2018,,6181,,,,,
dataflow,ESTAT:CRIM_PRIS_AGE(1.0),Prisoners by age and sex,A,Annual,TOTAL,Total,M,Males,NR,Number,LT,Lithuania,2019,,5850,,,,,
dataflow,ESTAT:CRIM_PRIS_AGE(1.0),Prisoners by age and sex,A,Annual,TOTAL,Total,M,Males,NR,Number,LT,Lithuania,2020,,5068,,,,,
dataflow,ESTAT:CRIM_PRIS_AGE(1.0),Prisoners by age and sex,A,Annual,TOTAL,Total,M,Males,NR,Number,LT,Lithuania,2021,,4869,,,,,
dataflow,ESTAT:CRIM_PRIS_AGE(1.0),Prisoners by age and sex,A,Annual,TOTAL,Total,M,Males,NR,Number,LT,Lithuania,2022,,4759,,,,,
dataflow,ESTAT:CRIM_PRIS_AGE(1.0),Prisoners by age and sex,A,Annual,TOTAL,Total,M,Males,NR,Number,LT,Lithuania,2023,,4345,,,,,
dataflow,ESTAT:CRIM_PRIS_AGE(1.0),Prisoners by age and sex,A,Annual,TOTAL,Total,M,Males,NR,Number,LU,Luxembourg,2014,,600,,,,,
dataflow,ESTAT:CRIM_PRIS_AGE(1.0),Prisoners by age and sex,A,Annual,TOTAL,Total,M,Males,NR,Number,LU,Luxembourg,2015,,651,,,,,
dataflow,ESTAT:CRIM_PRIS_AGE(1.0),Prisoners by age and sex,A,Annual,TOTAL,Total,M,Males,NR,Number,LU,Luxembourg,2016,,688,,,,,
dataflow,ESTAT:CRIM_PRIS_AGE(1.0),Prisoners by age and sex,A,Annual,TOTAL,Total,M,Males,NR,Number,LU,Luxembourg,2017,,647,,,,,
dataflow,ESTAT:CRIM_PRIS_AGE(1.0),Prisoners by age and sex,A,Annual,TOTAL,Total,M,Males,NR,Number,LU,Luxembourg,2018,,623,,,,,
dataflow,ESTAT:CRIM_PRIS_AGE(1.0),Prisoners by age and sex,A,Annual,TOTAL,Total,M,Males,NR,Number,LU,Luxembourg,2019,,562,,,,,
dataflow,ESTAT:CRIM_PRIS_AGE(1.0),Prisoners by age and sex,A,Annual,TOTAL,Total,M,Males,NR,Number,LU,Luxembourg,2020,,528,,,,,
dataflow,ESTAT:CRIM_PRIS_AGE(1.0),Prisoners by age and sex,A,Annual,TOTAL,Total,M,Males,NR,Number,LU,Luxembourg,2021,,583,,,,,
dataflow,ESTAT:CRIM_PRIS_AGE(1.0),Prisoners by age and sex,A,Annual,TOTAL,Total,M,Males,NR,Number,LU,Luxembourg,2022,,666,,,,,
dataflow,ESTAT:CRIM_PRIS_AGE(1.0),Prisoners by age and sex,A,Annual,TOTAL,Total,M,Males,NR,Number,LU,Luxembourg,2023,,577,,,,,
dataflow,ESTAT:CRIM_PRIS_AGE(1.0),Prisoners by age and sex,A,Annual,TOTAL,Total,M,Males,NR,Number,LV,Latvia,2014,,4400,,,,,
dataflow,ESTAT:CRIM_PRIS_AGE(1.0),Prisoners by age and sex,A,Annual,TOTAL,Total,M,Males,NR,Number,LV,Latvia,2015,,4051,,,,,
dataflow,ESTAT:CRIM_PRIS_AGE(1.0),Prisoners by age and sex,A,Annual,TOTAL,Total,M,Males,NR,Number,LV,Latvia,2016,,3894,,,,,
dataflow,ESTAT:CRIM_PRIS_AGE(1.0),Prisoners by age and sex,A,Annual,TOTAL,Total,M,Males,NR,Number,LV,Latvia,2017,,3474,,,,,
dataflow,ESTAT:CRIM_PRIS_AGE(1.0),Prisoners by age and sex,A,Annual,TOTAL,Total,M,Males,NR,Number,LV,Latvia,2018,,3248,,,,,
dataflow,ESTAT:CRIM_PRIS_AGE(1.0),Prisoners by age and sex,A,Annual,TOTAL,Total,M,Males,NR,Number,LV,Latvia,2019,,3120,,,,,
dataflow,ESTAT:CRIM_PRIS_AGE(1.0),Prisoners by age and sex,A,Annual,TOTAL,Total,M,Males,NR,Number,LV,Latvia,2020,,2824,,,,,
dataflow,ESTAT:CRIM_PRIS_AGE(1.0),Prisoners by age and sex,A,Annual,TOTAL,Total,M,Males,NR,Number,LV,Latvia,2021,,2915,,,,,
dataflow,ESTAT:CRIM_PRIS_AGE(1.0),Prisoners by age and sex,A,Annual,TOTAL,Total,M,Males,NR,Number,LV,Latvia,2022,,2981,,,,,
dataflow,ESTAT:CRIM_PRIS_AGE(1.0),Prisoners by age and sex,A,Annual,TOTAL,Total,M,Males,NR,Number,LV,Latvia,2023,,3022,,,,,
dataflow,ESTAT:CRIM_PRIS_AGE(1.0),Prisoners by age and sex,A,Annual,TOTAL,Total,M,Males,NR,Number,MT,Malta,2014,,544,,,,,
dataflow,ESTAT:CRIM_PRIS_AGE(1.0),Prisoners by age and sex,A,Annual,TOTAL,Total,M,Males,NR,Number,MT,Malta,2015,,528,,,,,
dataflow,ESTAT:CRIM_PRIS_AGE(1.0),Prisoners by age and sex,A,Annual,TOTAL,Total,M,Males,NR,Number,MT,Malta,2016,,516,,,,,
dataflow,ESTAT:CRIM_PRIS_AGE(1.0),Prisoners by age and sex,A,Annual,TOTAL,Total,M,Males,NR,Number,MT,Malta,2017,,517,,,,,
dataflow,ESTAT:CRIM_PRIS_AGE(1.0),Prisoners by age and sex,A,Annual,TOTAL,Total,M,Males,NR,Number,MT,Malta,2018,,563,,,,,
dataflow,ESTAT:CRIM_PRIS_AGE(1.0),Prisoners by age and sex,A,Annual,TOTAL,Total,M,Males,NR,Number,MT,Malta,2019,,691,,,,,
dataflow,ESTAT:CRIM_PRIS_AGE(1.0),Prisoners by age and sex,A,Annual,TOTAL,Total,M,Males,NR,Number,MT,Malta,2020,,806,,,,,
dataflow,ESTAT:CRIM_PRIS_AGE(1.0),Prisoners by age and sex,A,Annual,TOTAL,Total,M,Males,NR,Number,MT,Malta,2021,,560,,,,,
dataflow,ESTAT:CRIM_PRIS_AGE(1.0),Prisoners by age and sex,A,Annual,TOTAL,Total,M,Males,NR,Number,MT,Malta,2022,,506,,,,,
dataflow,ESTAT:CRIM_PRIS_AGE(1.0),Prisoners by age and sex,A,Annual,TOTAL,Total,M,Males,NR,Number,MT,Malta,2023,,626,,,,,
dataflow,ESTAT:CRIM_PRIS_AGE(1.0),Prisoners by age and sex,A,Annual,TOTAL,Total,M,Males,NR,Number,NL,Netherlands,2014,,11263,,,,,
dataflow,ESTAT:CRIM_PRIS_AGE(1.0),Prisoners by age and sex,A,Annual,TOTAL,Total,M,Males,NR,Number,NL,Netherlands,2015,,10351,,,,,
dataflow,ESTAT:CRIM_PRIS_AGE(1.0),Prisoners by age and sex,A,Annual,TOTAL,Total,M,Males,NR,Number,NL,Netherlands,2016,,10021,,,,,
dataflow,ESTAT:CRIM_PRIS_AGE(1.0),Prisoners by age and sex,A,Annual,TOTAL,Total,M,Males,NR,Number,NL,Netherlands,2017,,10278,,,,,
dataflow,ESTAT:CRIM_PRIS_AGE(1.0),Prisoners by age and sex,A,Annual,TOTAL,Total,M,Males,NR,Number,NL,Netherlands,2018,,10624,,,,,
dataflow,ESTAT:CRIM_PRIS_AGE(1.0),Prisoners by age and sex,A,Annual,TOTAL,Total,M,Males,NR,Number,NL,Netherlands,2019,,11053,,,,,
dataflow,ESTAT:CRIM_PRIS_AGE(1.0),Prisoners by age and sex,A,Annual,TOTAL,Total,M,Males,NR,Number,NL,Netherlands,2020,,10510,,,,,
dataflow,ESTAT:CRIM_PRIS_AGE(1.0),Prisoners by age and sex,A,Annual,TOTAL,Total,M,Males,NR,Number,NL,Netherlands,2021,,10735,,,,,
dataflow,ESTAT:CRIM_PRIS_AGE(1.0),Prisoners by age and sex,A,Annual,TOTAL,Total,M,Males,NR,Number,NL,Netherlands,2022,,10719,,,,,
dataflow,ESTAT:CRIM_PRIS_AGE(1.0),Prisoners by age and sex,A,Annual,TOTAL,Total,M,Males,NR,Number,NL,Netherlands,2023,,11123,,,,,
dataflow,ESTAT:CRIM_PRIS_AGE(1.0),Prisoners by age and sex,A,Annual,TOTAL,Total,M,Males,NR,Number,PL,Poland,2014,,76574,,,,,
dataflow,ESTAT:CRIM_PRIS_AGE(1.0),Prisoners by age and sex,A,Annual,TOTAL,Total,M,Males,NR,Number,PL,Poland,2015,,70116,,,,,
dataflow,ESTAT:CRIM_PRIS_AGE(1.0),Prisoners by age and sex,A,Annual,TOTAL,Total,M,Males,NR,Number,PL,Poland,2016,,69567,,,,,
dataflow,ESTAT:CRIM_PRIS_AGE(1.0),Prisoners by age and sex,A,Annual,TOTAL,Total,M,Males,NR,Number,PL,Poland,2017,,71497,,,,,
dataflow,ESTAT:CRIM_PRIS_AGE(1.0),Prisoners by age and sex,A,Annual,TOTAL,Total,M,Males,NR,Number,PL,Poland,2018,,69789,,,,,
dataflow,ESTAT:CRIM_PRIS_AGE(1.0),Prisoners by age and sex,A,Annual,TOTAL,Total,M,Males,NR,Number,PL,Poland,2019,,71340,,,,,
dataflow,ESTAT:CRIM_PRIS_AGE(1.0),Prisoners by age and sex,A,Annual,TOTAL,Total,M,Males,NR,Number,PL,Poland,2020,,65217,,,,,
dataflow,ESTAT:CRIM_PRIS_AGE(1.0),Prisoners by age and sex,A,Annual,TOTAL,Total,M,Males,NR,Number,PL,Poland,2021,,68824,,,,,
dataflow,ESTAT:CRIM_PRIS_AGE(1.0),Prisoners by age and sex,A,Annual,TOTAL,Total,M,Males,NR,Number,PL,Poland,2022,,68201,,,,,
dataflow,ESTAT:CRIM_PRIS_AGE(1.0),Prisoners by age and sex,A,Annual,TOTAL,Total,M,Males,NR,Number,PL,Poland,2023,,70673,,,,,
dataflow,ESTAT:CRIM_PRIS_AGE(1.0),Prisoners by age and sex,A,Annual,TOTAL,Total,M,Males,NR,Number,PT,Portugal,2014,,12925,,,,,
dataflow,ESTAT:CRIM_PRIS_AGE(1.0),Prisoners by age and sex,A,Annual,TOTAL,Total,M,Males,NR,Number,PT,Portugal,2015,,13152,,,,,
dataflow,ESTAT:CRIM_PRIS_AGE(1.0),Prisoners by age and sex,A,Annual,TOTAL,Total,M,Males,NR,Number,PT,Portugal,2016,,309,,,,,
dataflow,ESTAT:CRIM_PRIS_AGE(1.0),Prisoners by age and sex,A,Annual,TOTAL,Total,M,Males,NR,Number,PT,Portugal,2017,,313,,,,,
dataflow,ESTAT:CRIM_PRIS_AGE(1.0),Prisoners by age and sex,A,Annual,TOTAL,Total,M,Males,NR,Number,PT,Portugal,2018,,305,,,,,
dataflow,ESTAT:CRIM_PRIS_AGE(1.0),Prisoners by age and sex,A,Annual,TOTAL,Total,M,Males,NR,Number,PT,Portugal,2019,,12071,,,,,
dataflow,ESTAT:CRIM_PRIS_AGE(1.0),Prisoners by age and sex,A,Annual,TOTAL,Total,M,Males,NR,Number,PT,Portugal,2020,,10694,,,,,
dataflow,ESTAT:CRIM_PRIS_AGE(1.0),Prisoners by age and sex,A,Annual,TOTAL,Total,M,Males,NR,Number,PT,Portugal,2021,,10877,,,,,
dataflow,ESTAT:CRIM_PRIS_AGE(1.0),Prisoners by age and sex,A,Annual,TOTAL,Total,M,Males,NR,Number,PT,Portugal,2022,,11603,,,,,
dataflow,ESTAT:CRIM_PRIS_AGE(1.0),Prisoners by age and sex,A,Annual,TOTAL,Total,M,Males,NR,Number,PT,Portugal,2023,,11400,,,,,
dataflow,ESTAT:CRIM_PRIS_AGE(1.0),Prisoners by age and sex,A,Annual,TOTAL,Total,M,Males,NR,Number,RO,Romania,2014,,28619,,,,,
dataflow,ESTAT:CRIM_PRIS_AGE(1.0),Prisoners by age and sex,A,Annual,TOTAL,Total,M,Males,NR,Number,RO,Romania,2015,,26891,,,,,
dataflow,ESTAT:CRIM_PRIS_AGE(1.0),Prisoners by age and sex,A,Annual,TOTAL,Total,M,Males,NR,Number,RO,Romania,2016,,26044,,,,,
dataflow,ESTAT:CRIM_PRIS_AGE(1.0),Prisoners by age and sex,A,Annual,TOTAL,Total,M,Males,NR,Number,RO,Romania,2017,,22330,,,,,
dataflow,ESTAT:CRIM_PRIS_AGE(1.0),Prisoners by age and sex,A,Annual,TOTAL,Total,M,Males,NR,Number,RO,Romania,2018,,19844,,,,,
dataflow,ESTAT:CRIM_PRIS_AGE(1.0),Prisoners by age and sex,A,Annual,TOTAL,Total,M,Males,NR,Number,RO,Romania,2019,,19646,,,,,
dataflow,ESTAT:CRIM_PRIS_AGE(1.0),Prisoners by age and sex,A,Annual,TOTAL,Total,M,Males,NR,Number,RO,Romania,2020,,20737,,,,,
dataflow,ESTAT:CRIM_PRIS_AGE(1.0),Prisoners by age and sex,A,Annual,TOTAL,Total,M,Males,NR,Number,RO,Romania,2021,,21970,,,,,
dataflow,ESTAT:CRIM_PRIS_AGE(1.0),Prisoners by age and sex,A,Annual,TOTAL,Total,M,Males,NR,Number,RO,Romania,2022,,22041,,,,,
dataflow,ESTAT:CRIM_PRIS_AGE(1.0),Prisoners by age and sex,A,Annual,TOTAL,Total,M,Males,NR,Number,RO,Romania,2023,,22601,,,,,
dataflow,ESTAT:CRIM_PRIS_AGE(1.0),Prisoners by age and sex,A,Annual,TOTAL,Total,M,Males,NR,Number,SE,Sweden,2014,,5474,,,,,
dataflow,ESTAT:CRIM_PRIS_AGE(1.0),Prisoners by age and sex,A,Annual,TOTAL,Total,M,Males,NR,Number,SE,Sweden,2015,,5364,,,,,
dataflow,ESTAT:CRIM_PRIS_AGE(1.0),Prisoners by age and sex,A,Annual,TOTAL,Total,M,Males,NR,Number,SE,Sweden,2016,,5312,,,,,
dataflow,ESTAT:CRIM_PRIS_AGE(1.0),Prisoners by age and sex,A,Annual,TOTAL,Total,M,Males,NR,Number,SE,Sweden,2017,,5365,,,,,
dataflow,ESTAT:CRIM_PRIS_AGE(1.0),Prisoners by age and sex,A,Annual,TOTAL,Total,M,Males,NR,Number,SE,Sweden,2018,,5769,,,,,
dataflow,ESTAT:CRIM_PRIS_AGE(1.0),Prisoners by age and sex,A,Annual,TOTAL,Total,M,Males,NR,Number,SE,Sweden,2019,,6311,,,,,
dataflow,ESTAT:CRIM_PRIS_AGE(1.0),Prisoners by age and sex,A,Annual,TOTAL,Total,M,Males,NR,Number,SE,Sweden,2020,,6859,,,,,
dataflow,ESTAT:CRIM_PRIS_AGE(1.0),Prisoners by age and sex,A,Annual,TOTAL,Total,M,Males,NR,Number,SE,Sweden,2021,,7319,,,,,
dataflow,ESTAT:CRIM_PRIS_AGE(1.0),Prisoners by age and sex,A,Annual,TOTAL,Total,M,Males,NR,Number,SE,Sweden,2022,,7884,,,,,
dataflow,ESTAT:CRIM_PRIS_AGE(1.0),Prisoners by age and sex,A,Annual,TOTAL,Total,M,Males,NR,Number,SE,Sweden,2023,,9084,,,,,
dataflow,ESTAT:CRIM_PRIS_AGE(1.0),Prisoners by age and sex,A,Annual,TOTAL,Total,M,Males,NR,Number,SI,Slovenia,2014,,1433,,,,,
dataflow,ESTAT:CRIM_PRIS_AGE(1.0),Prisoners by age and sex,A,Annual,TOTAL,Total,M,Males,NR,Number,SI,Slovenia,2015,,1318,,,,,
dataflow,ESTAT:CRIM_PRIS_AGE(1.0),Prisoners by age and sex,A,Annual,TOTAL,Total,M,Males,NR,Number,SI,Slovenia,2016,,1204,,,,,
dataflow,ESTAT:CRIM_PRIS_AGE(1.0),Prisoners by age and sex,A,Annual,TOTAL,Total,M,Males,NR,Number,SI,Slovenia,2018,,1265,,,,,
dataflow,ESTAT:CRIM_PRIS_AGE(1.0),Prisoners by age and sex,A,Annual,TOTAL,Total,M,Males,NR,Number,SI,Slovenia,2019,,1320,,,,,
dataflow,ESTAT:CRIM_PRIS_AGE(1.0),Prisoners by age and sex,A,Annual,TOTAL,Total,M,Males,NR,Number,SI,Slovenia,2020,,1380,,,,,
dataflow,ESTAT:CRIM_PRIS_AGE(1.0),Prisoners by age and sex,A,Annual,TOTAL,Total,M,Males,NR,Number,SI,Slovenia,2021,,1080,,,,,
dataflow,ESTAT:CRIM_PRIS_AGE(1.0),Prisoners by age and sex,A,Annual,TOTAL,Total,M,Males,NR,Number,SI,Slovenia,2022,,1306,,,,,
dataflow,ESTAT:CRIM_PRIS_AGE(1.0),Prisoners by age and sex,A,Annual,TOTAL,Total,M,Males,NR,Number,SI,Slovenia,2023,,1359,,,,,
dataflow,ESTAT:CRIM_PRIS_AGE(1.0),Prisoners by age and sex,A,Annual,TOTAL,Total,M,Males,NR,Number,SK,Slovakia,2014,,9406,,,,,
dataflow,ESTAT:CRIM_PRIS_AGE(1.0),Prisoners by age and sex,A,Annual,TOTAL,Total,M,Males,NR,Number,SK,Slovakia,2015,,9282,,,,,
dataflow,ESTAT:CRIM_PRIS_AGE(1.0),Prisoners by age and sex,A,Annual,TOTAL,Total,M,Males,NR,Number,SK,Slovakia,2016,,9322,,,,,
dataflow,ESTAT:CRIM_PRIS_AGE(1.0),Prisoners by age and sex,A,Annual,TOTAL,Total,M,Males,NR,Number,SK,Slovakia,2017,,9312,,,,,
dataflow,ESTAT:CRIM_PRIS_AGE(1.0),Prisoners by age and sex,A,Annual,TOTAL,Total,M,Males,NR,Number,SK,Slovakia,2018,,9522,,,,,
dataflow,ESTAT:CRIM_PRIS_AGE(1.0),Prisoners by age and sex,A,Annual,TOTAL,Total,M,Males,NR,Number,SK,Slovakia,2019,,9770,,,,,
dataflow,ESTAT:CRIM_PRIS_AGE(1.0),Prisoners by age and sex,A,Annual,TOTAL,Total,M,Males,NR,Number,SK,Slovakia,2020,,9728,,,,,
dataflow,ESTAT:CRIM_PRIS_AGE(1.0),Prisoners by age and sex,A,Annual,TOTAL,Total,M,Males,NR,Number,SK,Slovakia,2021,,9353,,,,,
dataflow,ESTAT:CRIM_PRIS_AGE(1.0),Prisoners by age and sex,A,Annual,TOTAL,Total,M,Males,NR,Number,SK,Slovakia,2022,,9219,,,,,
dataflow,ESTAT:CRIM_PRIS_AGE(1.0),Prisoners by age and sex,A,Annual,TOTAL,Total,M,Males,NR,Number,SK,Slovakia,2023,,8974,,,,,
dataflow,ESTAT:CRIM_PRIS_AGE(1.0),Prisoners by age and sex,A,Annual,TOTAL,Total,T,Total,NR,Number,AT,Austria,2014,,8692,,,,,
dataflow,ESTAT:CRIM_PRIS_AGE(1.0),Prisoners by age and sex,A,Annual,TOTAL,Total,T,Total,NR,Number,AT,Austria,2015,,8665,,,,,
dataflow,ESTAT:CRIM_PRIS_AGE(1.0),Prisoners by age and sex,A,Annual,TOTAL,Total,T,Total,NR,Number,AT,Austria,2016,,8619,,,,,
dataflow,ESTAT:CRIM_PRIS_AGE(1.0),Prisoners by age and sex,A,Annual,TOTAL,Total,T,Total,NR,Number,AT,Austria,2017,,8852,,,,,
dataflow,ESTAT:CRIM_PRIS_AGE(1.0),Prisoners by age and sex,A,Annual,TOTAL,Total,T,Total,NR,Number,AT,Austria,2018,,9163,,,,,
dataflow,ESTAT:CRIM_PRIS_AGE(1.0),Prisoners by age and sex,A,Annual,TOTAL,Total,T,Total,NR,Number,AT,Austria,2019,,9072,,,,,
dataflow,ESTAT:CRIM_PRIS_AGE(1.0),Prisoners by age and sex,A,Annual,TOTAL,Total,T,Total,NR,Number,AT,Austria,2020,,8488,,,,,
dataflow,ESTAT:CRIM_PRIS_AGE(1.0),Prisoners by age and sex,A,Annual,TOTAL,Total,T,Total,NR,Number,AT,Austria,2021,,8436,,,,,
dataflow,ESTAT:CRIM_PRIS_AGE(1.0),Prisoners by age and sex,A,Annual,TOTAL,Total,T,Total,NR,Number,AT,Austria,2022,,8993,,,,,
dataflow,ESTAT:CRIM_PRIS_AGE(1.0),Prisoners by age and sex,A,Annual,TOTAL,Total,T,Total,NR,Number,AT,Austria,2023,,9089,,,,,
dataflow,ESTAT:CRIM_PRIS_AGE(1.0),Prisoners by age and sex,A,Annual,TOTAL,Total,T,Total,NR,Number,BE,Belgium,2015,,10994,,,,,
dataflow,ESTAT:CRIM_PRIS_AGE(1.0),Prisoners by age and sex,A,Annual,TOTAL,Total,T,Total,NR,Number,BE,Belgium,2017,,10471,,,,,
dataflow,ESTAT:CRIM_PRIS_AGE(1.0),Prisoners by age and sex,A,Annual,TOTAL,Total,T,Total,NR,Number,BE,Belgium,2018,,10261,,,,,
dataflow,ESTAT:CRIM_PRIS_AGE(1.0),Prisoners by age and sex,A,Annual,TOTAL,Total,T,Total,NR,Number,BE,Belgium,2019,,10794,,,,,
dataflow,ESTAT:CRIM_PRIS_AGE(1.0),Prisoners by age and sex,A,Annual,TOTAL,Total,T,Total,NR,Number,BE,Belgium,2020,,10357,,,,,
dataflow,ESTAT:CRIM_PRIS_AGE(1.0),Prisoners by age and sex,A,Annual,TOTAL,Total,T,Total,NR,Number,BE,Belgium,2021,,10769,,,,,
dataflow,ESTAT:CRIM_PRIS_AGE(1.0),Prisoners by age and sex,A,Annual,TOTAL,Total,T,Total,NR,Number,BE,Belgium,2022,,11050,,,,,
dataflow,ESTAT:CRIM_PRIS_AGE(1.0),Prisoners by age and sex,A,Annual,TOTAL,Total,T,Total,NR,Number,BE,Belgium,2023,,11893,,,,,
dataflow,ESTAT:CRIM_PRIS_AGE(1.0),Prisoners by age and sex,A,Annual,TOTAL,Total,T,Total,NR,Number,BG,Bulgaria,2014,,7870,,,,,
dataflow,ESTAT:CRIM_PRIS_AGE(1.0),Prisoners by age and sex,A,Annual,TOTAL,Total,T,Total,NR,Number,BG,Bulgaria,2015,,7408,,,,,
dataflow,ESTAT:CRIM_PRIS_AGE(1.0),Prisoners by age and sex,A,Annual,TOTAL,Total,T,Total,NR,Number,BG,Bulgaria,2016,,7345,,,,,
dataflow,ESTAT:CRIM_PRIS_AGE(1.0),Prisoners by age and sex,A,Annual,TOTAL,Total,T,Total,NR,Number,BG,Bulgaria,2017,,6988,,,,,
dataflow,ESTAT:CRIM_PRIS_AGE(1.0),Prisoners by age and sex,A,Annual,TOTAL,Total,T,Total,NR,Number,BG,Bulgaria,2018,,6651,,,,,
dataflow,ESTAT:CRIM_PRIS_AGE(1.0),Prisoners by age and sex,A,Annual,TOTAL,Total,T,Total,NR,Number,BG,Bulgaria,2019,,6448,,,,,
dataflow,ESTAT:CRIM_PRIS_AGE(1.0),Prisoners by age and sex,A,Annual,TOTAL,Total,T,Total,NR,Number,BG,Bulgaria,2020,,6251,,,,,
dataflow,ESTAT:CRIM_PRIS_AGE(1.0),Prisoners by age and sex,A,Annual,TOTAL,Total,T,Total,NR,Number,BG,Bulgaria,2021,,5873,,,,,
dataflow,ESTAT:CRIM_PRIS_AGE(1.0),Prisoners by age and sex,A,Annual,TOTAL,Total,T,Total,NR,Number,BG,Bulgaria,2022,,5577,,,,,
dataflow,ESTAT:CRIM_PRIS_AGE(1.0),Prisoners by age and sex,A,Annual,TOTAL,Total,T,Total,NR,Number,BG,Bulgaria,2023,,5526,,,,,
dataflow,ESTAT:CRIM_PRIS_AGE(1.0),Prisoners by age and sex,A,Annual,TOTAL,Total,T,Total,NR,Number,CY,Cyprus,2014,,532,,,,,
dataflow,ESTAT:CRIM_PRIS_AGE(1.0),Prisoners by age and sex,A,Annual,TOTAL,Total,T,Total,NR,Number,CY,Cyprus,2015,,547,,,,,
dataflow,ESTAT:CRIM_PRIS_AGE(1.0),Prisoners by age and sex,A,Annual,TOTAL,Total,T,Total,NR,Number,CY,Cyprus,2016,,586,,,,,
dataflow,ESTAT:CRIM_PRIS_AGE(1.0),Prisoners by age and sex,A,Annual,TOTAL,Total,T,Total,NR,Number,CY,Cyprus,2017,,592,,,,,
dataflow,ESTAT:CRIM_PRIS_AGE(1.0),Prisoners by age and sex,A,Annual,TOTAL,Total,T,Total,NR,Number,CY,Cyprus,2018,,619,,,,,
dataflow,ESTAT:CRIM_PRIS_AGE(1.0),Prisoners by age and sex,A,Annual,TOTAL,Total,T,Total,NR,Number,CY,Cyprus,2019,,759,,,,,
dataflow,ESTAT:CRIM_PRIS_AGE(1.0),Prisoners by age and sex,A,Annual,TOTAL,Total,T,Total,NR,Number,CY,Cyprus,2020,,601,,,,,
dataflow,ESTAT:CRIM_PRIS_AGE(1.0),Prisoners by age and sex,A,Annual,TOTAL,Total,T,Total,NR,Number,CY,Cyprus,2021,,795,,,,,
dataflow,ESTAT:CRIM_PRIS_AGE(1.0),Prisoners by age and sex,A,Annual,TOTAL,Total,T,Total,NR,Number,CY,Cyprus,2022,,958,,,,,
dataflow,ESTAT:CRIM_PRIS_AGE(1.0),Prisoners by age and sex,A,Annual,TOTAL,Total,T,Total,NR,Number,CY,Cyprus,2023,,959,,,,,
dataflow,ESTAT:CRIM_PRIS_AGE(1.0),Prisoners by age and sex,A,Annual,TOTAL,Total,T,Total,NR,Number,CZ,Czechia,2014,,18658,,,,,
dataflow,ESTAT:CRIM_PRIS_AGE(1.0),Prisoners by age and sex,A,Annual,TOTAL,Total,T,Total,NR,Number,CZ,Czechia,2015,,20866,,,,,
dataflow,ESTAT:CRIM_PRIS_AGE(1.0),Prisoners by age and sex,A,Annual,TOTAL,Total,T,Total,NR,Number,CZ,Czechia,2016,,22481,,,,,
dataflow,ESTAT:CRIM_PRIS_AGE(1.0),Prisoners by age and sex,A,Annual,TOTAL,Total,T,Total,NR,Number,CZ,Czechia,2017,,22159,,,,,
dataflow,ESTAT:CRIM_PRIS_AGE(1.0),Prisoners by age and sex,A,Annual,TOTAL,Total,T,Total,NR,Number,CZ,Czechia,2018,,21577,,,,,
dataflow,ESTAT:CRIM_PRIS_AGE(1.0),Prisoners by age and sex,A,Annual,TOTAL,Total,T,Total,NR,Number,CZ,Czechia,2019,,21048,,,,,
dataflow,ESTAT:CRIM_PRIS_AGE(1.0),Prisoners by age and sex,A,Annual,TOTAL,Total,T,Total,NR,Number,CZ,Czechia,2020,,19286,,,,,
dataflow,ESTAT:CRIM_PRIS_AGE(1.0),Prisoners by age and sex,A,Annual,TOTAL,Total,T,Total,NR,Number,CZ,Czechia,2021,,18748,,,,,
dataflow,ESTAT:CRIM_PRIS_AGE(1.0),Prisoners by age and sex,A,Annual,TOTAL,Total,T,Total,NR,Number,CZ,Czechia,2022,,19052,,,,,
dataflow,ESTAT:CRIM_PRIS_AGE(1.0),Prisoners by age and sex,A,Annual,TOTAL,Total,T,Total,NR,Number,CZ,Czechia,2023,,19569,,,,,
dataflow,ESTAT:CRIM_PRIS_AGE(1.0),Prisoners by age and sex,A,Annual,TOTAL,Total,T,Total,NR,Number,DE,Germany,2014,,63228,,,,,
dataflow,ESTAT:CRIM_PRIS_AGE(1.0),Prisoners by age and sex,A,Annual,TOTAL,Total,T,Total,NR,Number,DE,Germany,2015,,63020,,,,,
dataflow,ESTAT:CRIM_PRIS_AGE(1.0),Prisoners by age and sex,A,Annual,TOTAL,Total,T,Total,NR,Number,DE,Germany,2016,,64291,,,,,
dataflow,ESTAT:CRIM_PRIS_AGE(1.0),Prisoners by age and sex,A,Annual,TOTAL,Total,T,Total,NR,Number,DE,Germany,2017,,65841,,,,,
dataflow,ESTAT:CRIM_PRIS_AGE(1.0),Prisoners by age and sex,A,Annual,TOTAL,Total,T,Total,NR,Number,DE,Germany,2018,,65762,,,,,
dataflow,ESTAT:CRIM_PRIS_AGE(1.0),Prisoners by age and sex,A,Annual,TOTAL,Total,T,Total,NR,Number,DE,Germany,2019,,63146,,,,,
dataflow,ESTAT:CRIM_PRIS_AGE(1.0),Prisoners by age and sex,A,Annual,TOTAL,Total,T,Total,NR,Number,DE,Germany,2020,,59585,,,,,
dataflow,ESTAT:CRIM_PRIS_AGE(1.0),Prisoners by age and sex,A,Annual,TOTAL,Total,T,Total,NR,Number,DE,Germany,2021,,57525,,,,,
dataflow,ESTAT:CRIM_PRIS_AGE(1.0),Prisoners by age and sex,A,Annual,TOTAL,Total,T,Total,NR,Number,DE,Germany,2022,,57465,,,,,
dataflow,ESTAT:CRIM_PRIS_AGE(1.0),Prisoners by age and sex,A,Annual,TOTAL,Total,T,Total,NR,Number,DE,Germany,2023,,59165,,,,,
dataflow,ESTAT:CRIM_PRIS_AGE(1.0),Prisoners by age and sex,A,Annual,TOTAL,Total,T,Total,NR,Number,DK,Denmark,2014,,3583,,,,,
dataflow,ESTAT:CRIM_PRIS_AGE(1.0),Prisoners by age and sex,A,Annual,TOTAL,Total,T,Total,NR,Number,DK,Denmark,2015,,3203,,,,,
dataflow,ESTAT:CRIM_PRIS_AGE(1.0),Prisoners by age and sex,A,Annual,TOTAL,Total,T,Total,NR,Number,DK,Denmark,2016,,3408,,,,,
dataflow,ESTAT:CRIM_PRIS_AGE(1.0),Prisoners by age and sex,A,Annual,TOTAL,Total,T,Total,NR,Number,DK,Denmark,2017,,3418,,,,,
dataflow,ESTAT:CRIM_PRIS_AGE(1.0),Prisoners by age and sex,A,Annual,TOTAL,Total,T,Total,NR,Number,DK,Denmark,2018,,3635,,,,,
dataflow,ESTAT:CRIM_PRIS_AGE(1.0),Prisoners by age and sex,A,Annual,TOTAL,Total,T,Total,NR,Number,DK,Denmark,2019,,3920,,,,,
dataflow,ESTAT:CRIM_PRIS_AGE(1.0),Prisoners by age and sex,A,Annual,TOTAL,Total,T,Total,NR,Number,DK,Denmark,2020,,4166,,,,,
dataflow,ESTAT:CRIM_PRIS_AGE(1.0),Prisoners by age and sex,A,Annual,TOTAL,Total,T,Total,NR,Number,DK,Denmark,2021,,4222,,,,,
dataflow,ESTAT:CRIM_PRIS_AGE(1.0),Prisoners by age and sex,A,Annual,TOTAL,Total,T,Total,NR,Number,DK,Denmark,2022,,4208,,,,,
dataflow,ESTAT:CRIM_PRIS_AGE(1.0),Prisoners by age and sex,A,Annual,TOTAL,Total,T,Total,NR,Number,DK,Denmark,2023,,4154,,,,,
dataflow,ESTAT:CRIM_PRIS_AGE(1.0),Prisoners by age and sex,A,Annual,TOTAL,Total,T,Total,NR,Number,EE,Estonia,2014,,3034,,,,,
dataflow,ESTAT:CRIM_PRIS_AGE(1.0),Prisoners by age and sex,A,Annual,TOTAL,Total,T,Total,NR,Number,EE,Estonia,2015,,2823,,,,,
dataflow,ESTAT:CRIM_PRIS_AGE(1.0),Prisoners by age and sex,A,Annual,TOTAL,Total,T,Total,NR,Number,EE,Estonia,2016,,2864,,,,,
dataflow,ESTAT:CRIM_PRIS_AGE(1.0),Prisoners by age and sex,A,Annual,TOTAL,Total,T,Total,NR,Number,EE,Estonia,2017,,2723,,,,,
dataflow,ESTAT:CRIM_PRIS_AGE(1.0),Prisoners by age and sex,A,Annual,TOTAL,Total,T,Total,NR,Number,EE,Estonia,2018,,2584,,,,,
dataflow,ESTAT:CRIM_PRIS_AGE(1.0),Prisoners by age and sex,A,Annual,TOTAL,Total,T,Total,NR,Number,EE,Estonia,2019,,2487,,,,,
dataflow,ESTAT:CRIM_PRIS_AGE(1.0),Prisoners by age and sex,A,Annual,TOTAL,Total,T,Total,NR,Number,EE,Estonia,2020,,2348,,,,,
dataflow,ESTAT:CRIM_PRIS_AGE(1.0),Prisoners by age and sex,A,Annual,TOTAL,Total,T,Total,NR,Number,EE,Estonia,2021,,2189,,,,,
dataflow,ESTAT:CRIM_PRIS_AGE(1.0),Prisoners by age and sex,A,Annual,TOTAL,Total,T,Total,NR,Number,EE,Estonia,2022,,2073,,,,,
dataflow,ESTAT:CRIM_PRIS_AGE(1.0),Prisoners by age and sex,A,Annual,TOTAL,Total,T,Total,NR,Number,EE,Estonia,2023,,1841,,,,,
dataflow,ESTAT:CRIM_PRIS_AGE(1.0),Prisoners by age and sex,A,Annual,TOTAL,Total,T,Total,NR,Number,EL,Greece,2014,,11798,,,,,
dataflow,ESTAT:CRIM_PRIS_AGE(1.0),Prisoners by age and sex,A,Annual,TOTAL,Total,T,Total,NR,Number,EL,Greece,2015,,9611,,,,,
dataflow,ESTAT:CRIM_PRIS_AGE(1.0),Prisoners by age and sex,A,Annual,TOTAL,Total,T,Total,NR,Number,EL,Greece,2016,,9560,,,,,
dataflow,ESTAT:CRIM_PRIS_AGE(1.0),Prisoners by age and sex,A,Annual,TOTAL,Total,T,Total,NR,Number,EL,Greece,2017,,10011,,,,,
dataflow,ESTAT:CRIM_PRIS_AGE(1.0),Prisoners by age and sex,A,Annual,TOTAL,Total,T,Total,NR,Number,EL,Greece,2018,,10654,,,,,
dataflow,ESTAT:CRIM_PRIS_AGE(1.0),Prisoners by age and sex,A,Annual,TOTAL,Total,T,Total,NR,Number,EL,Greece,2019,,10891,,,,,
dataflow,ESTAT:CRIM_PRIS_AGE(1.0),Prisoners by age and sex,A,Annual,TOTAL,Total,T,Total,NR,Number,EL,Greece,2020,,11379,,,,,
dataflow,ESTAT:CRIM_PRIS_AGE(1.0),Prisoners by age and sex,A,Annual,TOTAL,Total,T,Total,NR,Number,EL,Greece,2021,,11030,,,,,
dataflow,ESTAT:CRIM_PRIS_AGE(1.0),Prisoners by age and sex,A,Annual,TOTAL,Total,T,Total,NR,Number,EL,Greece,2022,,10526,,,,,
dataflow,ESTAT:CRIM_PRIS_AGE(1.0),Prisoners by age and sex,A,Annual,TOTAL,Total,T,Total,NR,Number,EL,Greece,2023,,10242,,,,,
dataflow,ESTAT:CRIM_PRIS_AGE(1.0),Prisoners by age and sex,A,Annual,TOTAL,Total,T,Total,NR,Number,ES,Spain,2014,,65017,,,,,
dataflow,ESTAT:CRIM_PRIS_AGE(1.0),Prisoners by age and sex,A,Annual,TOTAL,Total,T,Total,NR,Number,ES,Spain,2015,,61614,,,,,
dataflow,ESTAT:CRIM_PRIS_AGE(1.0),Prisoners by age and sex,A,Annual,TOTAL,Total,T,Total,NR,Number,ES,Spain,2016,,59589,,,,,
dataflow,ESTAT:CRIM_PRIS_AGE(1.0),Prisoners by age and sex,A,Annual,TOTAL,Total,T,Total,NR,Number,ES,Spain,2017,,58812,,,,,
dataflow,ESTAT:CRIM_PRIS_AGE(1.0),Prisoners by age and sex,A,Annual,TOTAL,Total,T,Total,NR,Number,ES,Spain,2018,,58883,,,,,
dataflow,ESTAT:CRIM_PRIS_AGE(1.0),Prisoners by age and sex,A,Annual,TOTAL,Total,T,Total,NR,Number,ES,Spain,2019,,58517,,,,,
dataflow,ESTAT:CRIM_PRIS_AGE(1.0),Prisoners by age and sex,A,Annual,TOTAL,Total,T,Total,NR,Number,ES,Spain,2020,,55180,,,,,
dataflow,ESTAT:CRIM_PRIS_AGE(1.0),Prisoners by age and sex,A,Annual,TOTAL,Total,T,Total,NR,Number,ES,Spain,2021,,55097,,,,,
dataflow,ESTAT:CRIM_PRIS_AGE(1.0),Prisoners by age and sex,A,Annual,TOTAL,Total,T,Total,NR,Number,ES,Spain,2022,,55751,,,,,
dataflow,ESTAT:CRIM_PRIS_AGE(1.0),Prisoners by age and sex,A,Annual,TOTAL,Total,T,Total,NR,Number,ES,Spain,2023,,56698,,,,,
dataflow,ESTAT:CRIM_PRIS_AGE(1.0),Prisoners by age and sex,A,Annual,TOTAL,Total,T,Total,NR,Number,FI,Finland,2014,,3148,,,,,
dataflow,ESTAT:CRIM_PRIS_AGE(1.0),Prisoners by age and sex,A,Annual,TOTAL,Total,T,Total,NR,Number,FI,Finland,2015,,3135,,,,,
dataflow,ESTAT:CRIM_PRIS_AGE(1.0),Prisoners by age and sex,A,Annual,TOTAL,Total,T,Total,NR,Number,FI,Finland,2016,,3156,,,,,
dataflow,ESTAT:CRIM_PRIS_AGE(1.0),Prisoners by age and sex,A,Annual,TOTAL,Total,T,Total,NR,Number,FI,Finland,2017,,3082,,,,,
dataflow,ESTAT:CRIM_PRIS_AGE(1.0),Prisoners by age and sex,A,Annual,TOTAL,Total,T,Total,NR,Number,FI,Finland,2018,,2956,,,,,
dataflow,ESTAT:CRIM_PRIS_AGE(1.0),Prisoners by age and sex,A,Annual,TOTAL,Total,T,Total,NR,Number,FI,Finland,2019,,2945,,,,,
dataflow,ESTAT:CRIM_PRIS_AGE(1.0),Prisoners by age and sex,A,Annual,TOTAL,Total,T,Total,NR,Number,FI,Finland,2020,,2751,,,,,
dataflow,ESTAT:CRIM_PRIS_AGE(1.0),Prisoners by age and sex,A,Annual,TOTAL,Total,T,Total,NR,Number,FI,Finland,2021,,2811,,,,,
dataflow,ESTAT:CRIM_PRIS_AGE(1.0),Prisoners by age and sex,A,Annual,TOTAL,Total,T,Total,NR,Number,FI,Finland,2022,,2861,,,,,
dataflow,ESTAT:CRIM_PRIS_AGE(1.0),Prisoners by age and sex,A,Annual,TOTAL,Total,T,Total,NR,Number,FI,Finland,2023,,2962,,,,,
dataflow,ESTAT:CRIM_PRIS_AGE(1.0),Prisoners by age and sex,A,Annual,TOTAL,Total,T,Total,NR,Number,FR,France,2014,,66270,,,,,
dataflow,ESTAT:CRIM_PRIS_AGE(1.0),Prisoners by age and sex,A,Annual,TOTAL,Total,T,Total,NR,Number,FR,France,2015,,66678,,,,,
dataflow,ESTAT:CRIM_PRIS_AGE(1.0),Prisoners by age and sex,A,Annual,TOTAL,Total,T,Total,NR,Number,FR,France,2016,,68432,,,,,
dataflow,ESTAT:CRIM_PRIS_AGE(1.0),Prisoners by age and sex,A,Annual,TOTAL,Total,T,Total,NR,Number,FR,France,2017,,68974,,,,,
dataflow,ESTAT:CRIM_PRIS_AGE(1.0),Prisoners by age and sex,A,Annual,TOTAL,Total,T,Total,NR,Number,FR,France,2018,,70059,,,,,
dataflow,ESTAT:CRIM_PRIS_AGE(1.0),Prisoners by age and sex,A,Annual,TOTAL,Total,T,Total,NR,Number,FR,France,2019,,70739,,,,,
dataflow,ESTAT:CRIM_PRIS_AGE(1.0),Prisoners by age and sex,A,Annual,TOTAL,Total,T,Total,NR,Number,FR,France,2020,,62543,,,,,
dataflow,ESTAT:CRIM_PRIS_AGE(1.0),Prisoners by age and sex,A,Annual,TOTAL,Total,T,Total,NR,Number,FR,France,2021,,69448,,,,,
dataflow,ESTAT:CRIM_PRIS_AGE(1.0),Prisoners by age and sex,A,Annual,TOTAL,Total,T,Total,NR,Number,FR,France,2022,,72173,,,,,
dataflow,ESTAT:CRIM_PRIS_AGE(1.0),Prisoners by age and sex,A,Annual,TOTAL,Total,T,Total,NR,Number,FR,France,2023,,75913,,,,,
dataflow,ESTAT:CRIM_PRIS_AGE(1.0),Prisoners by age and sex,A,Annual,TOTAL,Total,T,Total,NR,Number,HR,Croatia,2014,,3763,,,,,
dataflow,ESTAT:CRIM_PRIS_AGE(1.0),Prisoners by age and sex,A,Annual,TOTAL,Total,T,Total,NR,Number,HR,Croatia,2015,,3341,,,,,
dataflow,ESTAT:CRIM_PRIS_AGE(1.0),Prisoners by age and sex,A,Annual,TOTAL,Total,T,Total,NR,Number,HR,Croatia,2016,,3108,,,,,
dataflow,ESTAT:CRIM_PRIS_AGE(1.0),Prisoners by age and sex,A,Annual,TOTAL,Total,T,Total,NR,Number,HR,Croatia,2017,,3190,,,,,
dataflow,ESTAT:CRIM_PRIS_AGE(1.0),Prisoners by age and sex,A,Annual,TOTAL,Total,T,Total,NR,Number,HR,Croatia,2018,,3217,,,,,
dataflow,ESTAT:CRIM_PRIS_AGE(1.0),Prisoners by age and sex,A,Annual,TOTAL,Total,T,Total,NR,Number,HR,Croatia,2019,,3533,,,,,
dataflow,ESTAT:CRIM_PRIS_AGE(1.0),Prisoners by age and sex,A,Annual,TOTAL,Total,T,Total,NR,Number,HR,Croatia,2020,,3531,,,,,
dataflow,ESTAT:CRIM_PRIS_AGE(1.0),Prisoners by age and sex,A,Annual,TOTAL,Total,T,Total,NR,Number,HR,Croatia,2021,,3905,,,,,
dataflow,ESTAT:CRIM_PRIS_AGE(1.0),Prisoners by age and sex,A,Annual,TOTAL,Total,T,Total,NR,Number,HR,Croatia,2022,,4091,,,,,
dataflow,ESTAT:CRIM_PRIS_AGE(1.0),Prisoners by age and sex,A,Annual,TOTAL,Total,T,Total,NR,Number,HR,Croatia,2023,,4445,,,,,
dataflow,ESTAT:CRIM_PRIS_AGE(1.0),Prisoners by age and sex,A,Annual,TOTAL,Total,T,Total,NR,Number,HU,Hungary,2014,,17890,,,,,
dataflow,ESTAT:CRIM_PRIS_AGE(1.0),Prisoners by age and sex,A,Annual,TOTAL,Total,T,Total,NR,Number,HU,Hungary,2015,,17449,,,,,
dataflow,ESTAT:CRIM_PRIS_AGE(1.0),Prisoners by age and sex,A,Annual,TOTAL,Total,T,Total,NR,Number,HU,Hungary,2016,,17658,,,,,
dataflow,ESTAT:CRIM_PRIS_AGE(1.0),Prisoners by age and sex,A,Annual,TOTAL,Total,T,Total,NR,Number,HU,Hungary,2017,,17343,,,,,
dataflow,ESTAT:CRIM_PRIS_AGE(1.0),Prisoners by age and sex,A,Annual,TOTAL,Total,T,Total,NR,Number,HU,Hungary,2018,,16303,,,,,
dataflow,ESTAT:CRIM_PRIS_AGE(1.0),Prisoners by age and sex,A,Annual,TOTAL,Total,T,Total,NR,Number,HU,Hungary,2019,,16334,,,,,
dataflow,ESTAT:CRIM_PRIS_AGE(1.0),Prisoners by age and sex,A,Annual,TOTAL,Total,T,Total,NR,Number,HU,Hungary,2020,,16752,,,,,
dataflow,ESTAT:CRIM_PRIS_AGE(1.0),Prisoners by age and sex,A,Annual,TOTAL,Total,T,Total,NR,Number,HU,Hungary,2021,,18623,,,,,
dataflow,ESTAT:CRIM_PRIS_AGE(1.0),Prisoners by age and sex,A,Annual,TOTAL,Total,T,Total,NR,Number,HU,Hungary,2022,,19347,,,,,
dataflow,ESTAT:CRIM_PRIS_AGE(1.0),Prisoners by age and sex,A,Annual,TOTAL,Total,T,Total,NR,Number,HU,Hungary,2023,,17939,,,,,
dataflow,ESTAT:CRIM_PRIS_AGE(1.0),Prisoners by age and sex,A,Annual,TOTAL,Total,T,Total,NR,Number,IE,Ireland,2014,,3777,,,,,
dataflow,ESTAT:CRIM_PRIS_AGE(1.0),Prisoners by age and sex,A,Annual,TOTAL,Total,T,Total,NR,Number,IE,Ireland,2015,,3755,,,,,
dataflow,ESTAT:CRIM_PRIS_AGE(1.0),Prisoners by age and sex,A,Annual,TOTAL,Total,T,Total,NR,Number,IE,Ireland,2016,,3718,,,,,
dataflow,ESTAT:CRIM_PRIS_AGE(1.0),Prisoners by age and sex,A,Annual,TOTAL,Total,T,Total,NR,Number,IE,Ireland,2017,,3680,,,,,
dataflow,ESTAT:CRIM_PRIS_AGE(1.0),Prisoners by age and sex,A,Annual,TOTAL,Total,T,Total,NR,Number,IE,Ireland,2018,,3962,,,,,
dataflow,ESTAT:CRIM_PRIS_AGE(1.0),Prisoners by age and sex,A,Annual,TOTAL,Total,T,Total,NR,Number,IE,Ireland,2019,,4017,,,,,
dataflow,ESTAT:CRIM_PRIS_AGE(1.0),Prisoners by age and sex,A,Annual,TOTAL,Total,T,Total,NR,Number,IE,Ireland,2020,,3810,,,,,
dataflow,ESTAT:CRIM_PRIS_AGE(1.0),Prisoners by age and sex,A,Annual,TOTAL,Total,T,Total,NR,Number,IE,Ireland,2021,,3806,,,,,
dataflow,ESTAT:CRIM_PRIS_AGE(1.0),Prisoners by age and sex,A,Annual,TOTAL,Total,T,Total,NR,Number,IE,Ireland,2022,,4369,,,,,
dataflow,ESTAT:CRIM_PRIS_AGE(1.0),Prisoners by age and sex,A,Annual,TOTAL,Total,T,Total,NR,Number,IE,Ireland,2023,,4731,,,,,
dataflow,ESTAT:CRIM_PRIS_AGE(1.0),Prisoners by age and sex,A,Annual,TOTAL,Total,T,Total,NR,Number,IT,Italy,2014,,54745,,,,,
dataflow,ESTAT:CRIM_PRIS_AGE(1.0),Prisoners by age and sex,A,Annual,TOTAL,Total,T,Total,NR,Number,IT,Italy,2015,,53410,,,,,
dataflow,ESTAT:CRIM_PRIS_AGE(1.0),Prisoners by age and sex,A,Annual,TOTAL,Total,T,Total,NR,Number,IT,Italy,2016,,55978,,,,,
dataflow,ESTAT:CRIM_PRIS_AGE(1.0),Prisoners by age and sex,A,Annual,TOTAL,Total,T,Total,NR,Number,IT,Italy,2017,,59038,,,,,
dataflow,ESTAT:CRIM_PRIS_AGE(1.0),Prisoners by age and sex,A,Annual,TOTAL,Total,T,Total,NR,Number,IT,Italy,2018,,61131,,,,,
dataflow,ESTAT:CRIM_PRIS_AGE(1.0),Prisoners by age and sex,A,Annual,TOTAL,Total,T,Total,NR,Number,IT,Italy,2019,,62232,,,,,
dataflow,ESTAT:CRIM_PRIS_AGE(1.0),Prisoners by age and sex,A,Annual,TOTAL,Total,T,Total,NR,Number,IT,Italy,2020,,54605,,,,,
dataflow,ESTAT:CRIM_PRIS_AGE(1.0),Prisoners by age and sex,A,Annual,TOTAL,Total,T,Total,NR,Number,IT,Italy,2021,,55349,,,,,
dataflow,ESTAT:CRIM_PRIS_AGE(1.0),Prisoners by age and sex,A,Annual,TOTAL,Total,T,Total,NR,Number,IT,Italy,2022,,57455,,,,,
dataflow,ESTAT:CRIM_PRIS_AGE(1.0),Prisoners by age and sex,A,Annual,TOTAL,Total,T,Total,NR,Number,IT,Italy,2023,,61568,,,,,
dataflow,ESTAT:CRIM_PRIS_AGE(1.0),Prisoners by age and sex,A,Annual,TOTAL,Total,T,Total,NR,Number,LT,Lithuania,2014,,8636,,,,,
dataflow,ESTAT:CRIM_PRIS_AGE(1.0),Prisoners by age and sex,A,Annual,TOTAL,Total,T,Total,NR,Number,LT,Lithuania,2015,,7355,,,,,
dataflow,ESTAT:CRIM_PRIS_AGE(1.0),Prisoners by age and sex,A,Annual,TOTAL,Total,T,Total,NR,Number,LT,Lithuania,2016,,6815,,,,,
dataflow,ESTAT:CRIM_PRIS_AGE(1.0),Prisoners by age and sex,A,Annual,TOTAL,Total,T,Total,NR,Number,LT,Lithuania,2017,,6599,,,,,
dataflow,ESTAT:CRIM_PRIS_AGE(1.0),Prisoners by age and sex,A,Annual,TOTAL,Total,T,Total,NR,Number,LT,Lithuania,2018,,6485,,,,,
dataflow,ESTAT:CRIM_PRIS_AGE(1.0),Prisoners by age and sex,A,Annual,TOTAL,Total,T,Total,NR,Number,LT,Lithuania,2019,,6138,,,,,
dataflow,ESTAT:CRIM_PRIS_AGE(1.0),Prisoners by age and sex,A,Annual,TOTAL,Total,T,Total,NR,Number,LT,Lithuania,2020,,5320,,,,,
dataflow,ESTAT:CRIM_PRIS_AGE(1.0),Prisoners by age and sex,A,Annual,TOTAL,Total,T,Total,NR,Number,LT,Lithuania,2021,,5086,,,,,
dataflow,ESTAT:CRIM_PRIS_AGE(1.0),Prisoners by age and sex,A,Annual,TOTAL,Total,T,Total,NR,Number,LT,Lithuania,2022,,4973,,,,,
dataflow,ESTAT:CRIM_PRIS_AGE(1.0),Prisoners by age and sex,A,Annual,TOTAL,Total,T,Total,NR,Number,LT,Lithuania,2023,,4551,,,,,
dataflow,ESTAT:CRIM_PRIS_AGE(1.0),Prisoners by age and sex,A,Annual,TOTAL,Total,T,Total,NR,Number,LU,Luxembourg,2014,,626,,,,,
dataflow,ESTAT:CRIM_PRIS_AGE(1.0),Prisoners by age and sex,A,Annual,TOTAL,Total,T,Total,NR,Number,LU,Luxembourg,2015,,691,,,,,
dataflow,ESTAT:CRIM_PRIS_AGE(1.0),Prisoners by age and sex,A,Annual,TOTAL,Total,T,Total,NR,Number,LU,Luxembourg,2016,,724,,,,,
dataflow,ESTAT:CRIM_PRIS_AGE(1.0),Prisoners by age and sex,A,Annual,TOTAL,Total,T,Total,NR,Number,LU,Luxembourg,2017,,684,,,,,
dataflow,ESTAT:CRIM_PRIS_AGE(1.0),Prisoners by age and sex,A,Annual,TOTAL,Total,T,Total,NR,Number,LU,Luxembourg,2018,,656,,,,,
dataflow,ESTAT:CRIM_PRIS_AGE(1.0),Prisoners by age and sex,A,Annual,TOTAL,Total,T,Total,NR,Number,LU,Luxembourg,2019,,594,,,,,
dataflow,ESTAT:CRIM_PRIS_AGE(1.0),Prisoners by age and sex,A,Annual,TOTAL,Total,T,Total,NR,Number,LU,Luxembourg,2020,,557,,,,,
dataflow,ESTAT:CRIM_PRIS_AGE(1.0),Prisoners by age and sex,A,Annual,TOTAL,Total,T,Total,NR,Number,LU,Luxembourg,2021,,617,,,,,
dataflow,ESTAT:CRIM_PRIS_AGE(1.0),Prisoners by age and sex,A,Annual,TOTAL,Total,T,Total,NR,Number,LU,Luxembourg,2022,,705,,,,,
dataflow,ESTAT:CRIM_PRIS_AGE(1.0),Prisoners by age and sex,A,Annual,TOTAL,Total,T,Total,NR,Number,LU,Luxembourg,2023,,605,,,,,
dataflow,ESTAT:CRIM_PRIS_AGE(1.0),Prisoners by age and sex,A,Annual,TOTAL,Total,T,Total,NR,Number,LV,Latvia,2014,,4745,,,,,
dataflow,ESTAT:CRIM_PRIS_AGE(1.0),Prisoners by age and sex,A,Annual,TOTAL,Total,T,Total,NR,Number,LV,Latvia,2015,,4409,,,,,
dataflow,ESTAT:CRIM_PRIS_AGE(1.0),Prisoners by age and sex,A,Annual,TOTAL,Total,T,Total,NR,Number,LV,Latvia,2016,,4243,,,,,
dataflow,ESTAT:CRIM_PRIS_AGE(1.0),Prisoners by age and sex,A,Annual,TOTAL,Total,T,Total,NR,Number,LV,Latvia,2017,,3765,,,,,
dataflow,ESTAT:CRIM_PRIS_AGE(1.0),Prisoners by age and sex,A,Annual,TOTAL,Total,T,Total,NR,Number,LV,Latvia,2018,,3522,,,,,
dataflow,ESTAT:CRIM_PRIS_AGE(1.0),Prisoners by age and sex,A,Annual,TOTAL,Total,T,Total,NR,Number,LV,Latvia,2019,,3414,,,,,
dataflow,ESTAT:CRIM_PRIS_AGE(1.0),Prisoners by age and sex,A,Annual,TOTAL,Total,T,Total,NR,Number,LV,Latvia,2020,,3104,,,,,
dataflow,ESTAT:CRIM_PRIS_AGE(1.0),Prisoners by age and sex,A,Annual,TOTAL,Total,T,Total,NR,Number,LV,Latvia,2021,,3183,,,,,
dataflow,ESTAT:CRIM_PRIS_AGE(1.0),Prisoners by age and sex,A,Annual,TOTAL,Total,T,Total,NR,Number,LV,Latvia,2022,,3229,,,,,
dataflow,ESTAT:CRIM_PRIS_AGE(1.0),Prisoners by age and sex,A,Annual,TOTAL,Total,T,Total,NR,Number,LV,Latvia,2023,,3271,,,,,
dataflow,ESTAT:CRIM_PRIS_AGE(1.0),Prisoners by age and sex,A,Annual,TOTAL,Total,T,Total,NR,Number,MT,Malta,2014,,581,,,,,
dataflow,ESTAT:CRIM_PRIS_AGE(1.0),Prisoners by age and sex,A,Annual,TOTAL,Total,T,Total,NR,Number,MT,Malta,2015,,569,,,,,
dataflow,ESTAT:CRIM_PRIS_AGE(1.0),Prisoners by age and sex,A,Annual,TOTAL,Total,T,Total,NR,Number,MT,Malta,2016,,553,,,,,
dataflow,ESTAT:CRIM_PRIS_AGE(1.0),Prisoners by age and sex,A,Annual,TOTAL,Total,T,Total,NR,Number,MT,Malta,2017,,591,,,,,
dataflow,ESTAT:CRIM_PRIS_AGE(1.0),Prisoners by age and sex,A,Annual,TOTAL,Total,T,Total,NR,Number,MT,Malta,2018,,635,,,,,
dataflow,ESTAT:CRIM_PRIS_AGE(1.0),Prisoners by age and sex,A,Annual,TOTAL,Total,T,Total,NR,Number,MT,Malta,2019,,754,,,,,
dataflow,ESTAT:CRIM_PRIS_AGE(1.0),Prisoners by age and sex,A,Annual,TOTAL,Total,T,Total,NR,Number,MT,Malta,2020,,864,,,,,
dataflow,ESTAT:CRIM_PRIS_AGE(1.0),Prisoners by age and sex,A,Annual,TOTAL,Total,T,Total,NR,Number,MT,Malta,2021,,614,,,,,
dataflow,ESTAT:CRIM_PRIS_AGE(1.0),Prisoners by age and sex,A,Annual,TOTAL,Total,T,Total,NR,Number,MT,Malta,2022,,559,,,,,
dataflow,ESTAT:CRIM_PRIS_AGE(1.0),Prisoners by age and sex,A,Annual,TOTAL,Total,T,Total,NR,Number,MT,Malta,2023,,672,,,,,
dataflow,ESTAT:CRIM_PRIS_AGE(1.0),Prisoners by age and sex,A,Annual,TOTAL,Total,T,Total,NR,Number,NL,Netherlands,2014,,11934,,,,,
dataflow,ESTAT:CRIM_PRIS_AGE(1.0),Prisoners by age and sex,A,Annual,TOTAL,Total,T,Total,NR,Number,NL,Netherlands,2015,,10850,,,,,
dataflow,ESTAT:CRIM_PRIS_AGE(1.0),Prisoners by age and sex,A,Annual,TOTAL,Total,T,Total,NR,Number,NL,Netherlands,2016,,10601,,,,,
dataflow,ESTAT:CRIM_PRIS_AGE(1.0),Prisoners by age and sex,A,Annual,TOTAL,Total,T,Total,NR,Number,NL,Netherlands,2017,,10874,,,,,
dataflow,ESTAT:CRIM_PRIS_AGE(1.0),Prisoners by age and sex,A,Annual,TOTAL,Total,T,Total,NR,Number,NL,Netherlands,2018,,11251,,,,,
dataflow,ESTAT:CRIM_PRIS_AGE(1.0),Prisoners by age and sex,A,Annual,TOTAL,Total,T,Total,NR,Number,NL,Netherlands,2019,,11777,,,,,
dataflow,ESTAT:CRIM_PRIS_AGE(1.0),Prisoners by age and sex,A,Annual,TOTAL,Total,T,Total,NR,Number,NL,Netherlands,2020,,11024,,,,,
dataflow,ESTAT:CRIM_PRIS_AGE(1.0),Prisoners by age and sex,A,Annual,TOTAL,Total,T,Total,NR,Number,NL,Netherlands,2021,,11309,,,,,
dataflow,ESTAT:CRIM_PRIS_AGE(1.0),Prisoners by age and sex,A,Annual,TOTAL,Total,T,Total,NR,Number,NL,Netherlands,2022,,11238,,,,,
dataflow,ESTAT:CRIM_PRIS_AGE(1.0),Prisoners by age and sex,A,Annual,TOTAL,Total,T,Total,NR,Number,NL,Netherlands,2023,,11681,,,,,
dataflow,ESTAT:CRIM_PRIS_AGE(1.0),Prisoners by age and sex,A,Annual,TOTAL,Total,T,Total,NR,Number,PL,Poland,2014,,79345,,,,,
dataflow,ESTAT:CRIM_PRIS_AGE(1.0),Prisoners by age and sex,A,Annual,TOTAL,Total,T,Total,NR,Number,PL,Poland,2015,,72695,,,,,
dataflow,ESTAT:CRIM_PRIS_AGE(1.0),Prisoners by age and sex,A,Annual,TOTAL,Total,T,Total,NR,Number,PL,Poland,2016,,72209,,,,,
dataflow,ESTAT:CRIM_PRIS_AGE(1.0),Prisoners by age and sex,A,Annual,TOTAL,Total,T,Total,NR,Number,PL,Poland,2017,,74480,,,,,
dataflow,ESTAT:CRIM_PRIS_AGE(1.0),Prisoners by age and sex,A,Annual,TOTAL,Total,T,Total,NR,Number,PL,Poland,2018,,72818,,,,,
dataflow,ESTAT:CRIM_PRIS_AGE(1.0),Prisoners by age and sex,A,Annual,TOTAL,Total,T,Total,NR,Number,PL,Poland,2019,,74612,,,,,
dataflow,ESTAT:CRIM_PRIS_AGE(1.0),Prisoners by age and sex,A,Annual,TOTAL,Total,T,Total,NR,Number,PL,Poland,2020,,68354,,,,,
dataflow,ESTAT:CRIM_PRIS_AGE(1.0),Prisoners by age and sex,A,Annual,TOTAL,Total,T,Total,NR,Number,PL,Poland,2021,,72269,,,,,
dataflow,ESTAT:CRIM_PRIS_AGE(1.0),Prisoners by age and sex,A,Annual,TOTAL,Total,T,Total,NR,Number,PL,Poland,2022,,71723,,,,,
dataflow,ESTAT:CRIM_PRIS_AGE(1.0),Prisoners by age and sex,A,Annual,TOTAL,Total,T,Total,NR,Number,PL,Poland,2023,,74505,,,,,
dataflow,ESTAT:CRIM_PRIS_AGE(1.0),Prisoners by age and sex,A,Annual,TOTAL,Total,T,Total,NR,Number,PT,Portugal,2014,,14198,,,,,
dataflow,ESTAT:CRIM_PRIS_AGE(1.0),Prisoners by age and sex,A,Annual,TOTAL,Total,T,Total,NR,Number,PT,Portugal,2015,,14373,,,,,
dataflow,ESTAT:CRIM_PRIS_AGE(1.0),Prisoners by age and sex,A,Annual,TOTAL,Total,T,Total,NR,Number,PT,Portugal,2016,,13917,,,,,
dataflow,ESTAT:CRIM_PRIS_AGE(1.0),Prisoners by age and sex,A,Annual,TOTAL,Total,T,Total,NR,Number,PT,Portugal,2017,,13587,,,,,
dataflow,ESTAT:CRIM_PRIS_AGE(1.0),Prisoners by age and sex,A,Annual,TOTAL,Total,T,Total,NR,Number,PT,Portugal,2018,,13021,,,,,
dataflow,ESTAT:CRIM_PRIS_AGE(1.0),Prisoners by age and sex,A,Annual,TOTAL,Total,T,Total,NR,Number,PT,Portugal,2019,,12947,,,,,
dataflow,ESTAT:CRIM_PRIS_AGE(1.0),Prisoners by age and sex,A,Annual,TOTAL,Total,T,Total,NR,Number,PT,Portugal,2020,,11502,,,,,
dataflow,ESTAT:CRIM_PRIS_AGE(1.0),Prisoners by age and sex,A,Annual,TOTAL,Total,T,Total,NR,Number,PT,Portugal,2021,,11704,,,,,
dataflow,ESTAT:CRIM_PRIS_AGE(1.0),Prisoners by age and sex,A,Annual,TOTAL,Total,T,Total,NR,Number,PT,Portugal,2022,,12502,,,,,
dataflow,ESTAT:CRIM_PRIS_AGE(1.0),Prisoners by age and sex,A,Annual,TOTAL,Total,T,Total,NR,Number,PT,Portugal,2023,,12321,,,,,
dataflow,ESTAT:CRIM_PRIS_AGE(1.0),Prisoners by age and sex,A,Annual,TOTAL,Total,T,Total,NR,Number,RO,Romania,2014,,30156,,,,,
dataflow,ESTAT:CRIM_PRIS_AGE(1.0),Prisoners by age and sex,A,Annual,TOTAL,Total,T,Total,NR,Number,RO,Romania,2015,,28334,,,,,
dataflow,ESTAT:CRIM_PRIS_AGE(1.0),Prisoners by age and sex,A,Annual,TOTAL,Total,T,Total,NR,Number,RO,Romania,2016,,27455,,,,,
dataflow,ESTAT:CRIM_PRIS_AGE(1.0),Prisoners by age and sex,A,Annual,TOTAL,Total,T,Total,NR,Number,RO,Romania,2017,,23450,,,,,
dataflow,ESTAT:CRIM_PRIS_AGE(1.0),Prisoners by age and sex,A,Annual,TOTAL,Total,T,Total,NR,Number,RO,Romania,2018,,20792,,,,,
dataflow,ESTAT:CRIM_PRIS_AGE(1.0),Prisoners by age and sex,A,Annual,TOTAL,Total,T,Total,NR,Number,RO,Romania,2019,,20578,,,,,
dataflow,ESTAT:CRIM_PRIS_AGE(1.0),Prisoners by age and sex,A,Annual,TOTAL,Total,T,Total,NR,Number,RO,Romania,2020,,21753,,,,,
dataflow,ESTAT:CRIM_PRIS_AGE(1.0),Prisoners by age and sex,A,Annual,TOTAL,Total,T,Total,NR,Number,RO,Romania,2021,,22989,,,,,
dataflow,ESTAT:CRIM_PRIS_AGE(1.0),Prisoners by age and sex,A,Annual,TOTAL,Total,T,Total,NR,Number,RO,Romania,2022,,23082,,,,,
dataflow,ESTAT:CRIM_PRIS_AGE(1.0),Prisoners by age and sex,A,Annual,TOTAL,Total,T,Total,NR,Number,RO,Romania,2023,,23650,,,,,
dataflow,ESTAT:CRIM_PRIS_AGE(1.0),Prisoners by age and sex,A,Annual,TOTAL,Total,T,Total,NR,Number,SE,Sweden,2014,,5807,,,,,
dataflow,ESTAT:CRIM_PRIS_AGE(1.0),Prisoners by age and sex,A,Annual,TOTAL,Total,T,Total,NR,Number,SE,Sweden,2015,,5691,,,,,
dataflow,ESTAT:CRIM_PRIS_AGE(1.0),Prisoners by age and sex,A,Annual,TOTAL,Total,T,Total,NR,Number,SE,Sweden,2016,,5658,,,,,
dataflow,ESTAT:CRIM_PRIS_AGE(1.0),Prisoners by age and sex,A,Annual,TOTAL,Total,T,Total,NR,Number,SE,Sweden,2017,,5713,,,,,
dataflow,ESTAT:CRIM_PRIS_AGE(1.0),Prisoners by age and sex,A,Annual,TOTAL,Total,T,Total,NR,Number,SE,Sweden,2018,,6114,,,,,
dataflow,ESTAT:CRIM_PRIS_AGE(1.0),Prisoners by age and sex,A,Annual,TOTAL,Total,T,Total,NR,Number,SE,Sweden,2019,,6719,,,,,
dataflow,ESTAT:CRIM_PRIS_AGE(1.0),Prisoners by age and sex,A,Annual,TOTAL,Total,T,Total,NR,Number,SE,Sweden,2020,,7297,,,,,
dataflow,ESTAT:CRIM_PRIS_AGE(1.0),Prisoners by age and sex,A,Annual,TOTAL,Total,T,Total,NR,Number,SE,Sweden,2021,,7776,,,,,
dataflow,ESTAT:CRIM_PRIS_AGE(1.0),Prisoners by age and sex,A,Annual,TOTAL,Total,T,Total,NR,Number,SE,Sweden,2022,,8414,,,,,
dataflow,ESTAT:CRIM_PRIS_AGE(1.0),Prisoners by age and sex,A,Annual,TOTAL,Total,T,Total,NR,Number,SE,Sweden,2023,,9748,,,,,
dataflow,ESTAT:CRIM_PRIS_AGE(1.0),Prisoners by age and sex,A,Annual,TOTAL,Total,T,Total,NR,Number,SI,Slovenia,2014,,1522,,,,,
dataflow,ESTAT:CRIM_PRIS_AGE(1.0),Prisoners by age and sex,A,Annual,TOTAL,Total,T,Total,NR,Number,SI,Slovenia,2015,,1399,,,,,
dataflow,ESTAT:CRIM_PRIS_AGE(1.0),Prisoners by age and sex,A,Annual,TOTAL,Total,T,Total,NR,Number,SI,Slovenia,2016,,1308,,,,,
dataflow,ESTAT:CRIM_PRIS_AGE(1.0),Prisoners by age and sex,A,Annual,TOTAL,Total,T,Total,NR,Number,SI,Slovenia,2018,,1346,,,,,
dataflow,ESTAT:CRIM_PRIS_AGE(1.0),Prisoners by age and sex,A,Annual,TOTAL,Total,T,Total,NR,Number,SI,Slovenia,2019,,1396,,,,,
dataflow,ESTAT:CRIM_PRIS_AGE(1.0),Prisoners by age and sex,A,Annual,TOTAL,Total,T,Total,NR,Number,SI,Slovenia,2020,,1449,,,,,
dataflow,ESTAT:CRIM_PRIS_AGE(1.0),Prisoners by age and sex,A,Annual,TOTAL,Total,T,Total,NR,Number,SI,Slovenia,2021,,1136,,,,,
dataflow,ESTAT:CRIM_PRIS_AGE(1.0),Prisoners by age and sex,A,Annual,TOTAL,Total,T,Total,NR,Number,SI,Slovenia,2022,,1380,,,,,
dataflow,ESTAT:CRIM_PRIS_AGE(1.0),Prisoners by age and sex,A,Annual,TOTAL,Total,T,Total,NR,Number,SI,Slovenia,2023,,1438,,,,,
dataflow,ESTAT:CRIM_PRIS_AGE(1.0),Prisoners by age and sex,A,Annual,TOTAL,Total,T,Total,NR,Number,SK,Slovakia,2014,,10020,,,,,
dataflow,ESTAT:CRIM_PRIS_AGE(1.0),Prisoners by age and sex,A,Annual,TOTAL,Total,T,Total,NR,Number,SK,Slovakia,2015,,9913,,,,,
dataflow,ESTAT:CRIM_PRIS_AGE(1.0),Prisoners by age and sex,A,Annual,TOTAL,Total,T,Total,NR,Number,SK,Slovakia,2016,,9995,,,,,
dataflow,ESTAT:CRIM_PRIS_AGE(1.0),Prisoners by age and sex,A,Annual,TOTAL,Total,T,Total,NR,Number,SK,Slovakia,2017,,10028,,,,,
dataflow,ESTAT:CRIM_PRIS_AGE(1.0),Prisoners by age and sex,A,Annual,TOTAL,Total,T,Total,NR,Number,SK,Slovakia,2018,,10294,,,,,
dataflow,ESTAT:CRIM_PRIS_AGE(1.0),Prisoners by age and sex,A,Annual,TOTAL,Total,T,Total,NR,Number,SK,Slovakia,2019,,10555,,,,,
dataflow,ESTAT:CRIM_PRIS_AGE(1.0),Prisoners by age and sex,A,Annual,TOTAL,Total,T,Total,NR,Number,SK,Slovakia,2020,,10519,,,,,
dataflow,ESTAT:CRIM_PRIS_AGE(1.0),Prisoners by age and sex,A,Annual,TOTAL,Total,T,Total,NR,Number,SK,Slovakia,2021,,10104,,,,,
dataflow,ESTAT:CRIM_PRIS_AGE(1.0),Prisoners by age and sex,A,Annual,TOTAL,Total,T,Total,NR,Number,SK,Slovakia,2022,,9839,,,,,
dataflow,ESTAT:CRIM_PRIS_AGE(1.0),Prisoners by age and sex,A,Annual,TOTAL,Total,T,Total,NR,Number,SK,Slovakia,2023,,9724,,,,,
